RequestID;EmpID;EmpName;Dept;Request_Date;Completion_Date;Request_Detail;PIC
REQ0001;103;Charlie Davis;HR;01/01/2024;09/01/2024;Payroll Issue;Sarah Supervisor
REQ0002;103;Charlie Davis;HR;01/01/2024;02/01/2024;Access Approval;John Manager
REQ0003;105;Eve Wilson;HR;01/01/2024;03/01/2024;Access Approval;John Manager
REQ0004;104;David Brown;HR;02/01/2024;10/01/2024;Payroll Issue;Sarah Supervisor
REQ0005;102;Bob Smith;HR;02/01/2024;04/01/2024;Benefit Claim;John Manager
REQ0006;105;Eve Wilson;HR;03/01/2024;;Benefit Claim;John Manager
REQ0007;101;Alice Johnson;HR;03/01/2024;10/01/2024;Payroll Issue;Sarah Supervisor
REQ0008;103;Charlie Davis;HR;03/01/2024;10/01/2024;Payroll Issue;John Manager
REQ0009;105;Eve Wilson;HR;03/01/2024;05/01/2024;Benefit Claim;John Manager
REQ0010;102;Bob Smith;HR;03/01/2024;04/01/2024;ID Card Replacement;John Manager
REQ0011;104;David Brown;HR;04/01/2024;12/01/2024;Benefit Claim;Michael Lead
REQ0012;105;Eve Wilson;HR;06/01/2024;16/01/2024;ID Card Replacement;Sarah Supervisor
REQ0013;104;David Brown;HR;06/01/2024;16/01/2024;Access Approval;Sarah Supervisor
REQ0014;103;Charlie Davis;HR;06/01/2024;12/01/2024;ID Card Replacement;Michael Lead
REQ0015;102;Bob Smith;HR;10/01/2024;12/01/2024;Benefit Claim;John Manager
REQ0016;103;Charlie Davis;HR;10/01/2024;13/01/2024;ID Card Replacement;Sarah Supervisor
REQ0017;105;Eve Wilson;HR;11/01/2024;12/01/2024;ID Card Replacement;John Manager
REQ0018;104;David Brown;HR;11/01/2024;12/01/2024;ID Card Replacement;Michael Lead
REQ0019;105;Eve Wilson;HR;12/01/2024;13/01/2024;Payroll Issue;Sarah Supervisor
REQ0020;102;Bob Smith;HR;12/01/2024;19/01/2024;Benefit Claim;
REQ0021;102;Bob Smith;HR;12/01/2024;19/01/2024;ID Card Replacement;Sarah Supervisor
REQ0022;104;David Brown;HR;13/01/2024;15/01/2024;Access Approval;John Manager
REQ0023;104;David Brown;HR;13/01/2024;19/01/2024;Payroll Issue;John Manager
REQ0024;102;Bob Smith;HR;14/01/2024;;Access Approval;Michael Lead
REQ0025;105;Eve Wilson;HR;14/01/2024;20/01/2024;Benefit Claim;Michael Lead
REQ0026;103;Charlie Davis;HR;14/01/2024;15/01/2024;ID Card Replacement;Michael Lead
REQ0027;101;Alice Johnson;HR;14/01/2024;19/01/2024;Benefit Claim;Sarah Supervisor
REQ0028;104;David Brown;HR;14/01/2024;21/01/2024;Benefit Claim;Michael Lead
REQ0029;103;Charlie Davis;HR;14/01/2024;21/01/2024;Benefit Claim;John Manager
REQ0030;104;David Brown;HR;15/01/2024;23/01/2024;ID Card Replacement;John Manager
REQ0031;102;Bob Smith;HR;16/01/2024;23/01/2024;Access Approval;Sarah Supervisor
REQ0032;102;Bob Smith;HR;16/01/2024;25/01/2024;Payroll Issue;Sarah Supervisor
REQ0033;103;Charlie Davis;HR;16/01/2024;22/01/2024;Access Approval;John Manager
REQ0034;105;Eve Wilson;HR;16/01/2024;25/01/2024;Payroll Issue;Michael Lead
REQ0035;103;Charlie Davis;HR;16/01/2024;19/01/2024;Benefit Claim;Michael Lead
REQ0036;101;Alice Johnson;HR;17/01/2024;23/01/2024;ID Card Replacement;Sarah Supervisor
REQ0037;101;Alice Johnson;HR;17/01/2024;24/01/2024;Payroll Issue;Sarah Supervisor
REQ0038;103;Charlie Davis;HR;18/01/2024;22/01/2024;Benefit Claim;Michael Lead
REQ0039;103;Charlie Davis;HR;18/01/2024;;ID Card Replacement;John Manager
REQ0040;102;Bob Smith;HR;18/01/2024;28/01/2024;Benefit Claim;Sarah Supervisor
REQ0041;101;Alice Johnson;HR;18/01/2024;28/01/2024;Benefit Claim;Sarah Supervisor
REQ0042;104;David Brown;HR;18/01/2024;19/01/2024;Benefit Claim;John Manager
REQ0043;102;Bob Smith;HR;19/01/2024;26/01/2024;ID Card Replacement;John Manager
REQ0044;102;Bob Smith;HR;19/01/2024;21/01/2024;Access Approval;Sarah Supervisor
REQ0045;104;David Brown;HR;19/01/2024;22/01/2024;Benefit Claim;John Manager
REQ0046;101;Alice Johnson;HR;20/01/2024;28/01/2024;ID Card Replacement;John Manager
REQ0047;104;David Brown;HR;20/01/2024;24/01/2024;Benefit Claim;John Manager
REQ0048;105;Eve Wilson;HR;20/01/2024;22/01/2024;Access Approval;Michael Lead
REQ0049;101;Alice Johnson;HR;20/01/2024;21/01/2024;Benefit Claim;Sarah Supervisor
REQ0050;105;Eve Wilson;HR;22/01/2024;27/01/2024;Access Approval;John Manager
REQ0051;104;David Brown;HR;22/01/2024;23/01/2024;Payroll Issue;John Manager
REQ0052;103;Charlie Davis;HR;22/01/2024;30/01/2024;ID Card Replacement;Michael Lead
REQ0053;103;Charlie Davis;HR;23/01/2024;31/01/2024;Payroll Issue;Sarah Supervisor
REQ0054;103;Charlie Davis;HR;24/01/2024;29/01/2024;Access Approval;Michael Lead
REQ0055;103;Charlie Davis;HR;24/01/2024;02/02/2024;ID Card Replacement;John Manager
REQ0056;103;Charlie Davis;HR;24/01/2024;31/01/2024;Access Approval;Michael Lead
REQ0057;103;Charlie Davis;HR;24/01/2024;27/01/2024;Access Approval;Michael Lead
REQ0058;102;Bob Smith;HR;25/01/2024;;Access Approval;Michael Lead
REQ0059;101;Alice Johnson;HR;25/01/2024;01/02/2024;Benefit Claim;Sarah Supervisor
REQ0060;102;Bob Smith;HR;26/01/2024;05/02/2024;Access Approval;John Manager
REQ0061;103;Charlie Davis;HR;26/01/2024;29/01/2024;Payroll Issue;John Manager
REQ0062;103;Charlie Davis;HR;26/01/2024;03/02/2024;ID Card Replacement;Michael Lead
REQ0063;102;Bob Smith;HR;26/01/2024;01/02/2024;Benefit Claim;John Manager
REQ0064;104;David Brown;HR;27/01/2024;;Access Approval;John Manager
REQ0065;101;Alice Johnson;HR;28/01/2024;04/02/2024;Payroll Issue;Sarah Supervisor
REQ0066;103;Charlie Davis;HR;28/01/2024;01/02/2024;Benefit Claim;John Manager
REQ0067;101;Alice Johnson;HR;29/01/2024;;Benefit Claim;John Manager
REQ0068;101;Alice Johnson;HR;29/01/2024;;Benefit Claim;John Manager
REQ0069;103;Charlie Davis;HR;29/01/2024;06/02/2024;Payroll Issue;Michael Lead
REQ0070;103;Charlie Davis;HR;30/01/2024;08/02/2024;Payroll Issue;John Manager
REQ0071;101;Alice Johnson;HR;30/01/2024;09/02/2024;Benefit Claim;John Manager
REQ0072;103;Charlie Davis;HR;31/01/2024;04/02/2024;Access Approval;Michael Lead
REQ0073;101;Alice Johnson;HR;31/01/2024;10/02/2024;Access Approval;Michael Lead
REQ0074;101;Alice Johnson;HR;31/01/2024;;Benefit Claim;Sarah Supervisor
REQ0075;104;David Brown;HR;01/02/2024;04/02/2024;Access Approval;Sarah Supervisor
REQ0076;101;Alice Johnson;HR;01/02/2024;11/02/2024;Benefit Claim;John Manager
REQ0077;105;Eve Wilson;HR;01/02/2024;08/02/2024;ID Card Replacement;John Manager
REQ0078;101;Alice Johnson;HR;01/02/2024;02/02/2024;Payroll Issue;Michael Lead
REQ0079;103;Charlie Davis;HR;02/02/2024;;Payroll Issue;Sarah Supervisor
REQ0080;103;Charlie Davis;HR;02/02/2024;09/02/2024;Payroll Issue;Sarah Supervisor
REQ0081;104;David Brown;HR;03/02/2024;13/02/2024;Access Approval;Michael Lead
REQ0082;102;Bob Smith;HR;03/02/2024;11/02/2024;Benefit Claim;Sarah Supervisor
REQ0083;104;David Brown;HR;04/02/2024;09/02/2024;Benefit Claim;Michael Lead
REQ0084;105;Eve Wilson;HR;04/02/2024;06/02/2024;Access Approval;John Manager
REQ0085;105;Eve Wilson;HR;05/02/2024;11/02/2024;Payroll Issue;John Manager
REQ0086;102;Bob Smith;HR;06/02/2024;08/02/2024;Access Approval;Sarah Supervisor
REQ0087;104;David Brown;HR;06/02/2024;10/02/2024;ID Card Replacement;Sarah Supervisor
REQ0088;105;Eve Wilson;HR;07/02/2024;12/02/2024;Payroll Issue;Michael Lead
REQ0089;102;Bob Smith;HR;07/02/2024;12/02/2024;Payroll Issue;Sarah Supervisor
REQ0090;103;Charlie Davis;HR;07/02/2024;08/02/2024;Payroll Issue;Michael Lead
REQ0091;103;Charlie Davis;HR;08/02/2024;17/02/2024;Access Approval;Michael Lead
REQ0092;104;David Brown;HR;08/02/2024;14/02/2024;Payroll Issue;Michael Lead
REQ0093;101;Alice Johnson;HR;08/02/2024;;Payroll Issue;Michael Lead
REQ0094;101;Alice Johnson;HR;08/02/2024;;Benefit Claim;John Manager
REQ0095;102;Bob Smith;HR;09/02/2024;12/02/2024;Access Approval;Michael Lead
REQ0096;104;David Brown;HR;09/02/2024;19/02/2024;ID Card Replacement;Michael Lead
REQ0097;102;Bob Smith;HR;09/02/2024;10/02/2024;Payroll Issue;Michael Lead
REQ0098;103;Charlie Davis;HR;10/02/2024;19/02/2024;ID Card Replacement;Sarah Supervisor
REQ0099;105;Eve Wilson;HR;10/02/2024;17/02/2024;ID Card Replacement;
REQ0100;101;Alice Johnson;HR;11/02/2024;;Access Approval;Sarah Supervisor
REQ0101;104;David Brown;HR;11/02/2024;17/02/2024;Payroll Issue;Sarah Supervisor
REQ0102;104;David Brown;HR;12/02/2024;;Payroll Issue;John Manager
REQ0103;101;Alice Johnson;HR;12/02/2024;15/02/2024;Access Approval;John Manager
REQ0104;104;David Brown;HR;13/02/2024;21/02/2024;Access Approval;John Manager
REQ0105;104;David Brown;HR;13/02/2024;15/02/2024;Access Approval;John Manager
REQ0106;105;Eve Wilson;HR;13/02/2024;20/02/2024;Payroll Issue;John Manager
REQ0107;101;Alice Johnson;HR;14/02/2024;23/02/2024;Benefit Claim;John Manager
REQ0108;103;Charlie Davis;HR;14/02/2024;;Access Approval;Michael Lead
REQ0109;104;David Brown;HR;15/02/2024;18/02/2024;Payroll Issue;Michael Lead
REQ0110;104;David Brown;HR;15/02/2024;21/02/2024;Benefit Claim;Sarah Supervisor
REQ0111;103;Charlie Davis;HR;15/02/2024;17/02/2024;ID Card Replacement;Michael Lead
REQ0112;104;David Brown;HR;15/02/2024;20/02/2024;Payroll Issue;John Manager
REQ0113;105;Eve Wilson;HR;15/02/2024;18/02/2024;Payroll Issue;John Manager
REQ0114;103;Charlie Davis;HR;15/02/2024;16/02/2024;Benefit Claim;Sarah Supervisor
REQ0115;104;David Brown;HR;15/02/2024;;Benefit Claim;Michael Lead
REQ0116;101;Alice Johnson;HR;16/02/2024;;Payroll Issue;John Manager
REQ0117;103;Charlie Davis;HR;16/02/2024;;Access Approval;John Manager
REQ0118;103;Charlie Davis;HR;16/02/2024;26/02/2024;Benefit Claim;Michael Lead
REQ0119;105;Eve Wilson;HR;17/02/2024;19/02/2024;Access Approval;John Manager
REQ0120;103;Charlie Davis;HR;17/02/2024;22/02/2024;Payroll Issue;Sarah Supervisor
REQ0121;103;Charlie Davis;HR;18/02/2024;22/02/2024;Payroll Issue;Sarah Supervisor
REQ0122;102;Bob Smith;HR;18/02/2024;20/02/2024;Access Approval;Michael Lead
REQ0123;103;Charlie Davis;HR;19/02/2024;20/02/2024;ID Card Replacement;John Manager
REQ0124;101;Alice Johnson;HR;20/02/2024;29/02/2024;Payroll Issue;Michael Lead
REQ0125;102;Bob Smith;HR;20/02/2024;22/02/2024;Benefit Claim;Sarah Supervisor
REQ0126;105;Eve Wilson;HR;21/02/2024;29/02/2024;Access Approval;Sarah Supervisor
REQ0127;103;Charlie Davis;HR;21/02/2024;22/02/2024;Benefit Claim;John Manager
REQ0128;105;Eve Wilson;HR;21/02/2024;25/02/2024;Benefit Claim;Sarah Supervisor
REQ0129;101;Alice Johnson;HR;22/02/2024;28/02/2024;Benefit Claim;Michael Lead
REQ0130;101;Alice Johnson;HR;22/02/2024;29/02/2024;Benefit Claim;Michael Lead
REQ0131;105;Eve Wilson;HR;23/02/2024;28/02/2024;Access Approval;John Manager
REQ0132;103;Charlie Davis;HR;23/02/2024;25/02/2024;Access Approval;Sarah Supervisor
REQ0133;104;David Brown;HR;24/02/2024;27/02/2024;Benefit Claim;Michael Lead
REQ0134;101;Alice Johnson;HR;24/02/2024;27/02/2024;Access Approval;Michael Lead
REQ0135;102;Bob Smith;HR;25/02/2024;03/03/2024;Access Approval;John Manager
REQ0136;103;Charlie Davis;HR;25/02/2024;26/02/2024;Access Approval;Michael Lead
REQ0137;101;Alice Johnson;HR;25/02/2024;06/03/2024;Access Approval;Michael Lead
REQ0138;104;David Brown;HR;25/02/2024;01/03/2024;Access Approval;Michael Lead
REQ0139;103;Charlie Davis;HR;26/02/2024;06/03/2024;Access Approval;Michael Lead
REQ0140;101;Alice Johnson;HR;26/02/2024;06/03/2024;ID Card Replacement;Sarah Supervisor
REQ0141;103;Charlie Davis;HR;27/02/2024;03/03/2024;Payroll Issue;Michael Lead
REQ0142;101;Alice Johnson;HR;28/02/2024;29/02/2024;Benefit Claim;Sarah Supervisor
REQ0143;101;Alice Johnson;HR;28/02/2024;04/03/2024;ID Card Replacement;Sarah Supervisor
REQ0144;104;David Brown;HR;28/02/2024;05/03/2024;Payroll Issue;John Manager
REQ0145;102;Bob Smith;HR;01/03/2024;10/03/2024;Access Approval;Sarah Supervisor
REQ0146;104;David Brown;HR;02/03/2024;05/03/2024;Payroll Issue;John Manager
REQ0147;102;Bob Smith;HR;03/03/2024;05/03/2024;Payroll Issue;John Manager
REQ0148;105;Eve Wilson;HR;04/03/2024;11/03/2024;Payroll Issue;Michael Lead
REQ0149;105;Eve Wilson;HR;04/03/2024;14/03/2024;ID Card Replacement;Michael Lead
REQ0150;105;Eve Wilson;HR;04/03/2024;09/03/2024;Access Approval;Michael Lead
REQ0151;102;Bob Smith;HR;04/03/2024;13/03/2024;ID Card Replacement;Michael Lead
REQ0152;102;Bob Smith;HR;05/03/2024;11/03/2024;Payroll Issue;Michael Lead
REQ0153;105;Eve Wilson;HR;06/03/2024;09/03/2024;Access Approval;Sarah Supervisor
REQ0154;101;Alice Johnson;HR;06/03/2024;15/03/2024;ID Card Replacement;John Manager
REQ0155;102;Bob Smith;HR;06/03/2024;07/03/2024;Access Approval;Michael Lead
REQ0156;105;Eve Wilson;HR;07/03/2024;10/03/2024;Payroll Issue;John Manager
REQ0157;104;David Brown;HR;07/03/2024;10/03/2024;ID Card Replacement;John Manager
REQ0158;104;David Brown;HR;07/03/2024;11/03/2024;Access Approval;Michael Lead
REQ0159;101;Alice Johnson;HR;07/03/2024;12/03/2024;Benefit Claim;Sarah Supervisor
REQ0160;104;David Brown;HR;07/03/2024;10/03/2024;ID Card Replacement;Sarah Supervisor
REQ0161;105;Eve Wilson;HR;07/03/2024;10/03/2024;Benefit Claim;Michael Lead
REQ0162;102;Bob Smith;HR;07/03/2024;15/03/2024;Payroll Issue;Sarah Supervisor
REQ0163;101;Alice Johnson;HR;07/03/2024;10/03/2024;Payroll Issue;John Manager
REQ0164;103;Charlie Davis;HR;08/03/2024;12/03/2024;Access Approval;John Manager
REQ0165;103;Charlie Davis;HR;09/03/2024;18/03/2024;Payroll Issue;Michael Lead
REQ0166;104;David Brown;HR;09/03/2024;10/03/2024;Access Approval;John Manager
REQ0167;101;Alice Johnson;HR;09/03/2024;19/03/2024;Access Approval;Sarah Supervisor
REQ0168;104;David Brown;HR;09/03/2024;13/03/2024;ID Card Replacement;Sarah Supervisor
REQ0169;105;Eve Wilson;HR;10/03/2024;18/03/2024;Access Approval;Sarah Supervisor
REQ0170;101;Alice Johnson;HR;10/03/2024;;Payroll Issue;Sarah Supervisor
REQ0171;104;David Brown;HR;10/03/2024;17/03/2024;Payroll Issue;Sarah Supervisor
REQ0172;105;Eve Wilson;HR;10/03/2024;13/03/2024;Access Approval;Sarah Supervisor
REQ0173;101;Alice Johnson;HR;10/03/2024;20/03/2024;ID Card Replacement;Michael Lead
REQ0174;104;David Brown;HR;12/03/2024;13/03/2024;Benefit Claim;Sarah Supervisor
REQ0175;102;Bob Smith;HR;12/03/2024;17/03/2024;Benefit Claim;Sarah Supervisor
REQ0176;101;Alice Johnson;HR;12/03/2024;21/03/2024;Payroll Issue;Sarah Supervisor
REQ0177;102;Bob Smith;HR;13/03/2024;15/03/2024;Payroll Issue;Sarah Supervisor
REQ0178;102;Bob Smith;HR;13/03/2024;22/03/2024;Benefit Claim;Michael Lead
REQ0179;102;Bob Smith;HR;13/03/2024;18/03/2024;Benefit Claim;John Manager
REQ0180;102;Bob Smith;HR;14/03/2024;22/03/2024;ID Card Replacement;Michael Lead
REQ0181;101;Alice Johnson;HR;14/03/2024;;Payroll Issue;John Manager
REQ0182;101;Alice Johnson;HR;15/03/2024;20/03/2024;Access Approval;Michael Lead
REQ0183;101;Alice Johnson;HR;15/03/2024;18/03/2024;Benefit Claim;John Manager
REQ0184;104;David Brown;HR;15/03/2024;20/03/2024;ID Card Replacement;John Manager
REQ0185;104;David Brown;HR;16/03/2024;17/03/2024;Access Approval;Sarah Supervisor
REQ0186;104;David Brown;HR;16/03/2024;24/03/2024;Access Approval;Sarah Supervisor
REQ0187;104;David Brown;HR;16/03/2024;17/03/2024;Benefit Claim;Michael Lead
REQ0188;103;Charlie Davis;HR;16/03/2024;23/03/2024;Benefit Claim;John Manager
REQ0189;105;Eve Wilson;HR;17/03/2024;;Benefit Claim;John Manager
REQ0190;105;Eve Wilson;HR;17/03/2024;19/03/2024;Access Approval;John Manager
REQ0191;105;Eve Wilson;HR;17/03/2024;18/03/2024;Benefit Claim;Michael Lead
REQ0192;102;Bob Smith;HR;18/03/2024;;Access Approval;Sarah Supervisor
REQ0193;102;Bob Smith;HR;18/03/2024;;Benefit Claim;John Manager
REQ0194;105;Eve Wilson;HR;18/03/2024;25/03/2024;Payroll Issue;John Manager
REQ0195;102;Bob Smith;HR;19/03/2024;29/03/2024;Benefit Claim;Sarah Supervisor
REQ0196;102;Bob Smith;HR;19/03/2024;29/03/2024;ID Card Replacement;Sarah Supervisor
REQ0197;102;Bob Smith;HR;19/03/2024;;ID Card Replacement;John Manager
REQ0198;102;Bob Smith;HR;20/03/2024;;ID Card Replacement;Sarah Supervisor
REQ0199;105;Eve Wilson;HR;20/03/2024;23/03/2024;Payroll Issue;Michael Lead
REQ0200;102;Bob Smith;HR;20/03/2024;30/03/2024;Payroll Issue;Sarah Supervisor
REQ0201;103;Charlie Davis;HR;21/03/2024;24/03/2024;Payroll Issue;Sarah Supervisor
REQ0202;104;David Brown;HR;21/03/2024;27/03/2024;Benefit Claim;Michael Lead
REQ0203;104;David Brown;HR;21/03/2024;26/03/2024;Access Approval;Michael Lead
REQ0204;102;Bob Smith;HR;21/03/2024;27/03/2024;ID Card Replacement;Michael Lead
REQ0205;104;David Brown;HR;21/03/2024;30/03/2024;Payroll Issue;John Manager
REQ0206;105;Eve Wilson;HR;22/03/2024;30/03/2024;Payroll Issue;John Manager
REQ0207;101;Alice Johnson;HR;22/03/2024;27/03/2024;Access Approval;Michael Lead
REQ0208;105;Eve Wilson;HR;22/03/2024;23/03/2024;Benefit Claim;Michael Lead
REQ0209;101;Alice Johnson;HR;23/03/2024;24/03/2024;Access Approval;John Manager
REQ0210;105;Eve Wilson;HR;23/03/2024;24/03/2024;ID Card Replacement;Michael Lead
REQ0211;104;David Brown;HR;23/03/2024;25/03/2024;Benefit Claim;John Manager
REQ0212;103;Charlie Davis;HR;24/03/2024;27/03/2024;Benefit Claim;John Manager
REQ0213;101;Alice Johnson;HR;25/03/2024;02/04/2024;Access Approval;Michael Lead
REQ0214;101;Alice Johnson;HR;26/03/2024;04/04/2024;Benefit Claim;John Manager
REQ0215;103;Charlie Davis;HR;26/03/2024;;Benefit Claim;Michael Lead
REQ0216;104;David Brown;HR;26/03/2024;28/03/2024;ID Card Replacement;John Manager
REQ0217;104;David Brown;HR;26/03/2024;31/03/2024;ID Card Replacement;Michael Lead
REQ0218;105;Eve Wilson;HR;27/03/2024;30/03/2024;Access Approval;Michael Lead
REQ0219;105;Eve Wilson;HR;27/03/2024;;Benefit Claim;Sarah Supervisor
REQ0220;102;Bob Smith;HR;28/03/2024;05/04/2024;Access Approval;Sarah Supervisor
REQ0221;105;Eve Wilson;HR;28/03/2024;31/03/2024;Benefit Claim;John Manager
REQ0222;104;David Brown;HR;28/03/2024;01/04/2024;Benefit Claim;Sarah Supervisor
REQ0223;105;Eve Wilson;HR;29/03/2024;05/04/2024;Payroll Issue;Sarah Supervisor
REQ0224;101;Alice Johnson;HR;29/03/2024;04/04/2024;Access Approval;Michael Lead
REQ0225;102;Bob Smith;HR;30/03/2024;01/04/2024;Benefit Claim;John Manager
REQ0226;105;Eve Wilson;HR;30/03/2024;09/04/2024;ID Card Replacement;John Manager
REQ0227;101;Alice Johnson;HR;30/03/2024;02/04/2024;Access Approval;Michael Lead
REQ0228;104;David Brown;HR;31/03/2024;02/04/2024;ID Card Replacement;Michael Lead
REQ0229;105;Eve Wilson;HR;31/03/2024;;ID Card Replacement;John Manager
REQ0230;101;Alice Johnson;HR;31/03/2024;07/04/2024;Benefit Claim;Sarah Supervisor
REQ0231;105;Eve Wilson;HR;01/04/2024;;Access Approval;Michael Lead
REQ0232;102;Bob Smith;HR;01/04/2024;05/04/2024;Access Approval;John Manager
REQ0233;103;Charlie Davis;HR;01/04/2024;;Benefit Claim;John Manager
REQ0234;103;Charlie Davis;HR;01/04/2024;10/04/2024;Access Approval;Sarah Supervisor
REQ0235;102;Bob Smith;HR;02/04/2024;05/04/2024;Benefit Claim;Michael Lead
REQ0236;103;Charlie Davis;HR;02/04/2024;10/04/2024;Payroll Issue;John Manager
REQ0237;102;Bob Smith;HR;03/04/2024;04/04/2024;Payroll Issue;Sarah Supervisor
REQ0238;105;Eve Wilson;HR;03/04/2024;06/04/2024;Benefit Claim;Sarah Supervisor
REQ0239;105;Eve Wilson;HR;04/04/2024;05/04/2024;ID Card Replacement;John Manager
REQ0240;104;David Brown;HR;04/04/2024;09/04/2024;Access Approval;Michael Lead
REQ0241;101;Alice Johnson;HR;04/04/2024;06/04/2024;Access Approval;Sarah Supervisor
REQ0242;105;Eve Wilson;HR;05/04/2024;14/04/2024;Access Approval;Michael Lead
REQ0243;101;Alice Johnson;HR;05/04/2024;09/04/2024;ID Card Replacement;John Manager
REQ0244;105;Eve Wilson;HR;06/04/2024;15/04/2024;Payroll Issue;John Manager
REQ0245;103;Charlie Davis;HR;08/04/2024;09/04/2024;Access Approval;Sarah Supervisor
REQ0246;103;Charlie Davis;HR;08/04/2024;14/04/2024;Access Approval;Michael Lead
REQ0247;101;Alice Johnson;HR;08/04/2024;09/04/2024;ID Card Replacement;Sarah Supervisor
REQ0248;103;Charlie Davis;HR;09/04/2024;10/04/2024;Benefit Claim;John Manager
REQ0249;105;Eve Wilson;HR;09/04/2024;14/04/2024;Payroll Issue;Michael Lead
REQ0250;103;Charlie Davis;HR;09/04/2024;16/04/2024;Benefit Claim;Michael Lead
REQ0251;103;Charlie Davis;HR;09/04/2024;18/04/2024;ID Card Replacement;John Manager
REQ0252;103;Charlie Davis;HR;09/04/2024;11/04/2024;ID Card Replacement;John Manager
REQ0253;102;Bob Smith;HR;10/04/2024;17/04/2024;Benefit Claim;Sarah Supervisor
REQ0254;101;Alice Johnson;HR;10/04/2024;11/04/2024;Access Approval;Sarah Supervisor
REQ0255;102;Bob Smith;HR;11/04/2024;17/04/2024;Benefit Claim;Sarah Supervisor
REQ0256;101;Alice Johnson;HR;11/04/2024;13/04/2024;Payroll Issue;John Manager
REQ0257;102;Bob Smith;HR;11/04/2024;13/04/2024;Payroll Issue;John Manager
REQ0258;104;David Brown;HR;12/04/2024;22/04/2024;ID Card Replacement;Sarah Supervisor
REQ0259;102;Bob Smith;HR;12/04/2024;13/04/2024;ID Card Replacement;John Manager
REQ0260;101;Alice Johnson;HR;12/04/2024;22/04/2024;ID Card Replacement;Michael Lead
REQ0261;104;David Brown;HR;13/04/2024;23/04/2024;Benefit Claim;John Manager
REQ0262;105;Eve Wilson;HR;13/04/2024;20/04/2024;Payroll Issue;Sarah Supervisor
REQ0263;101;Alice Johnson;HR;13/04/2024;16/04/2024;Benefit Claim;John Manager
REQ0264;105;Eve Wilson;HR;13/04/2024;21/04/2024;Access Approval;Sarah Supervisor
REQ0265;101;Alice Johnson;HR;14/04/2024;18/04/2024;Access Approval;John Manager
REQ0266;101;Alice Johnson;HR;14/04/2024;21/04/2024;;John Manager
REQ0267;105;Eve Wilson;HR;15/04/2024;18/04/2024;Benefit Claim;John Manager
REQ0268;101;Alice Johnson;HR;16/04/2024;23/04/2024;Access Approval;Sarah Supervisor
REQ0269;102;Bob Smith;HR;16/04/2024;22/04/2024;Payroll Issue;Michael Lead
REQ0270;103;Charlie Davis;HR;17/04/2024;;Benefit Claim;Sarah Supervisor
REQ0271;105;Eve Wilson;HR;18/04/2024;23/04/2024;Payroll Issue;Sarah Supervisor
REQ0272;105;Eve Wilson;HR;18/04/2024;20/04/2024;Benefit Claim;Michael Lead
REQ0273;102;Bob Smith;HR;18/04/2024;21/04/2024;ID Card Replacement;John Manager
REQ0274;105;Eve Wilson;HR;19/04/2024;20/04/2024;ID Card Replacement;Michael Lead
REQ0275;105;Eve Wilson;HR;19/04/2024;23/04/2024;Access Approval;John Manager
REQ0276;103;Charlie Davis;HR;19/04/2024;28/04/2024;Benefit Claim;Sarah Supervisor
REQ0277;102;Bob Smith;HR;19/04/2024;22/04/2024;ID Card Replacement;John Manager
REQ0278;102;Bob Smith;HR;19/04/2024;29/04/2024;Payroll Issue;Sarah Supervisor
REQ0279;104;David Brown;HR;19/04/2024;22/04/2024;Access Approval;Michael Lead
REQ0280;105;Eve Wilson;HR;20/04/2024;25/04/2024;Payroll Issue;Michael Lead
REQ0281;105;Eve Wilson;HR;20/04/2024;24/04/2024;Payroll Issue;Michael Lead
REQ0282;105;Eve Wilson;HR;21/04/2024;24/04/2024;Access Approval;John Manager
REQ0283;104;David Brown;HR;21/04/2024;29/04/2024;ID Card Replacement;Michael Lead
REQ0284;104;David Brown;HR;21/04/2024;01/05/2024;ID Card Replacement;John Manager
REQ0285;101;Alice Johnson;HR;21/04/2024;;Benefit Claim;John Manager
REQ0286;102;Bob Smith;HR;21/04/2024;29/04/2024;Benefit Claim;John Manager
REQ0287;105;Eve Wilson;HR;22/04/2024;26/04/2024;Access Approval;Michael Lead
REQ0288;104;David Brown;HR;22/04/2024;24/04/2024;Payroll Issue;John Manager
REQ0289;101;Alice Johnson;HR;22/04/2024;24/04/2024;Access Approval;Michael Lead
REQ0290;101;Alice Johnson;HR;23/04/2024;24/04/2024;ID Card Replacement;Sarah Supervisor
REQ0291;102;Bob Smith;HR;23/04/2024;30/04/2024;ID Card Replacement;John Manager
REQ0292;105;Eve Wilson;HR;23/04/2024;28/04/2024;ID Card Replacement;Michael Lead
REQ0293;104;David Brown;HR;23/04/2024;26/04/2024;ID Card Replacement;John Manager
REQ0294;102;Bob Smith;HR;23/04/2024;27/04/2024;Access Approval;Sarah Supervisor
REQ0295;101;Alice Johnson;HR;24/04/2024;04/05/2024;Benefit Claim;Michael Lead
REQ0296;105;Eve Wilson;HR;26/04/2024;06/05/2024;Access Approval;Sarah Supervisor
REQ0297;103;Charlie Davis;HR;26/04/2024;02/05/2024;Benefit Claim;John Manager
REQ0298;101;Alice Johnson;HR;26/04/2024;04/05/2024;Access Approval;Sarah Supervisor
REQ0299;105;Eve Wilson;HR;26/04/2024;03/05/2024;ID Card Replacement;Sarah Supervisor
REQ0300;103;Charlie Davis;HR;27/04/2024;30/04/2024;Benefit Claim;Sarah Supervisor
REQ0301;105;Eve Wilson;HR;27/04/2024;28/04/2024;ID Card Replacement;Michael Lead
REQ0302;104;David Brown;HR;29/04/2024;04/05/2024;ID Card Replacement;Michael Lead
REQ0303;104;David Brown;HR;29/04/2024;08/05/2024;Access Approval;Michael Lead
REQ0304;105;Eve Wilson;HR;29/04/2024;04/05/2024;Payroll Issue;Sarah Supervisor
REQ0305;102;Bob Smith;HR;30/04/2024;01/05/2024;Payroll Issue;Sarah Supervisor
REQ0306;104;David Brown;HR;30/04/2024;08/05/2024;ID Card Replacement;Michael Lead
REQ0307;105;Eve Wilson;HR;30/04/2024;06/05/2024;ID Card Replacement;Sarah Supervisor
REQ0308;104;David Brown;HR;30/04/2024;10/05/2024;Payroll Issue;Sarah Supervisor
REQ0309;102;Bob Smith;HR;01/05/2024;06/05/2024;Payroll Issue;Sarah Supervisor
REQ0310;105;Eve Wilson;HR;01/05/2024;11/05/2024;Payroll Issue;Sarah Supervisor
REQ0311;101;Alice Johnson;HR;01/05/2024;05/05/2024;Access Approval;Sarah Supervisor
REQ0312;104;David Brown;HR;02/05/2024;;ID Card Replacement;Michael Lead
REQ0313;104;David Brown;HR;02/05/2024;03/05/2024;ID Card Replacement;John Manager
REQ0314;105;Eve Wilson;HR;02/05/2024;;Access Approval;John Manager
REQ0315;102;Bob Smith;HR;02/05/2024;12/05/2024;Payroll Issue;Michael Lead
REQ0316;105;Eve Wilson;HR;03/05/2024;13/05/2024;Payroll Issue;Michael Lead
REQ0317;102;Bob Smith;HR;03/05/2024;04/05/2024;Payroll Issue;Sarah Supervisor
REQ0318;101;Alice Johnson;HR;03/05/2024;09/05/2024;Payroll Issue;Sarah Supervisor
REQ0319;103;Charlie Davis;HR;03/05/2024;06/05/2024;Payroll Issue;John Manager
REQ0320;105;Eve Wilson;HR;04/05/2024;10/05/2024;Access Approval;Michael Lead
REQ0321;104;David Brown;HR;04/05/2024;08/05/2024;Payroll Issue;
REQ0322;101;Alice Johnson;HR;04/05/2024;;Access Approval;Sarah Supervisor
REQ0323;105;Eve Wilson;HR;04/05/2024;13/05/2024;Payroll Issue;John Manager
REQ0324;102;Bob Smith;HR;05/05/2024;15/05/2024;Benefit Claim;John Manager
REQ0325;102;Bob Smith;HR;05/05/2024;13/05/2024;Benefit Claim;John Manager
REQ0326;104;David Brown;HR;05/05/2024;08/05/2024;Payroll Issue;Michael Lead
REQ0327;102;Bob Smith;HR;05/05/2024;12/05/2024;Benefit Claim;John Manager
REQ0328;104;David Brown;HR;05/05/2024;07/05/2024;Payroll Issue;John Manager
REQ0329;104;David Brown;HR;05/05/2024;07/05/2024;Benefit Claim;Sarah Supervisor
REQ0330;104;David Brown;HR;05/05/2024;07/05/2024;Payroll Issue;Sarah Supervisor
REQ0331;102;Bob Smith;HR;07/05/2024;17/05/2024;Access Approval;John Manager
REQ0332;102;Bob Smith;HR;08/05/2024;10/05/2024;Access Approval;John Manager
REQ0333;102;Bob Smith;HR;09/05/2024;10/05/2024;Payroll Issue;Sarah Supervisor
REQ0334;104;David Brown;HR;09/05/2024;10/05/2024;Benefit Claim;Michael Lead
REQ0335;104;David Brown;HR;10/05/2024;17/05/2024;Benefit Claim;Sarah Supervisor
REQ0336;104;David Brown;HR;10/05/2024;20/05/2024;ID Card Replacement;Sarah Supervisor
REQ0337;103;Charlie Davis;HR;10/05/2024;13/05/2024;Benefit Claim;Michael Lead
REQ0338;105;Eve Wilson;HR;10/05/2024;16/05/2024;Access Approval;Michael Lead
REQ0339;102;Bob Smith;HR;10/05/2024;13/05/2024;Access Approval;John Manager
REQ0340;102;Bob Smith;HR;10/05/2024;16/05/2024;Payroll Issue;Michael Lead
REQ0341;104;David Brown;HR;11/05/2024;16/05/2024;Access Approval;John Manager
REQ0342;103;Charlie Davis;HR;11/05/2024;12/05/2024;ID Card Replacement;Sarah Supervisor
REQ0343;101;Alice Johnson;HR;11/05/2024;14/05/2024;ID Card Replacement;Michael Lead
REQ0344;103;Charlie Davis;HR;11/05/2024;20/05/2024;Benefit Claim;Michael Lead
REQ0345;104;David Brown;HR;12/05/2024;20/05/2024;Benefit Claim;John Manager
REQ0346;102;Bob Smith;HR;13/05/2024;22/05/2024;Access Approval;John Manager
REQ0347;103;Charlie Davis;HR;13/05/2024;20/05/2024;Payroll Issue;Sarah Supervisor
REQ0348;101;Alice Johnson;HR;14/05/2024;20/05/2024;Access Approval;John Manager
REQ0349;105;Eve Wilson;HR;14/05/2024;16/05/2024;Benefit Claim;Michael Lead
REQ0350;103;Charlie Davis;HR;14/05/2024;20/05/2024;ID Card Replacement;John Manager
REQ0351;105;Eve Wilson;HR;14/05/2024;;ID Card Replacement;Michael Lead
REQ0352;104;David Brown;HR;15/05/2024;16/05/2024;Access Approval;Sarah Supervisor
REQ0353;101;Alice Johnson;HR;15/05/2024;17/05/2024;ID Card Replacement;Sarah Supervisor
REQ0354;104;David Brown;HR;15/05/2024;16/05/2024;Benefit Claim;John Manager
REQ0355;103;Charlie Davis;HR;16/05/2024;18/05/2024;Access Approval;Michael Lead
REQ0356;102;Bob Smith;HR;16/05/2024;24/05/2024;Access Approval;Sarah Supervisor
REQ0357;103;Charlie Davis;HR;16/05/2024;20/05/2024;Benefit Claim;John Manager
REQ0358;105;Eve Wilson;HR;17/05/2024;19/05/2024;Access Approval;Michael Lead
REQ0359;101;Alice Johnson;HR;17/05/2024;27/05/2024;Payroll Issue;John Manager
REQ0360;105;Eve Wilson;HR;18/05/2024;20/05/2024;Payroll Issue;Sarah Supervisor
REQ0361;104;David Brown;HR;18/05/2024;24/05/2024;Benefit Claim;John Manager
REQ0362;105;Eve Wilson;HR;18/05/2024;;Benefit Claim;Michael Lead
REQ0363;101;Alice Johnson;HR;19/05/2024;29/05/2024;Payroll Issue;John Manager
REQ0364;103;Charlie Davis;HR;21/05/2024;22/05/2024;Access Approval;Sarah Supervisor
REQ0365;101;Alice Johnson;HR;21/05/2024;30/05/2024;Payroll Issue;Michael Lead
REQ0366;105;Eve Wilson;HR;22/05/2024;27/05/2024;Payroll Issue;John Manager
REQ0367;102;Bob Smith;HR;22/05/2024;25/05/2024;Access Approval;Michael Lead
REQ0368;104;David Brown;HR;22/05/2024;30/05/2024;ID Card Replacement;Michael Lead
REQ0369;102;Bob Smith;HR;22/05/2024;23/05/2024;Benefit Claim;John Manager
REQ0370;101;Alice Johnson;HR;22/05/2024;30/05/2024;ID Card Replacement;Michael Lead
REQ0371;102;Bob Smith;HR;23/05/2024;26/05/2024;Payroll Issue;John Manager
REQ0372;101;Alice Johnson;HR;24/05/2024;30/05/2024;Benefit Claim;Sarah Supervisor
REQ0373;104;David Brown;HR;24/05/2024;31/05/2024;Access Approval;Sarah Supervisor
REQ0374;104;David Brown;HR;25/05/2024;27/05/2024;ID Card Replacement;John Manager
REQ0375;104;David Brown;HR;25/05/2024;03/06/2024;ID Card Replacement;Sarah Supervisor
REQ0376;105;Eve Wilson;HR;25/05/2024;26/05/2024;Benefit Claim;John Manager
REQ0377;101;Alice Johnson;HR;26/05/2024;02/06/2024;ID Card Replacement;Sarah Supervisor
REQ0378;104;David Brown;HR;26/05/2024;04/06/2024;ID Card Replacement;John Manager
REQ0379;103;Charlie Davis;HR;27/05/2024;04/06/2024;Benefit Claim;Michael Lead
REQ0380;104;David Brown;HR;27/05/2024;;Benefit Claim;Michael Lead
REQ0381;102;Bob Smith;HR;28/05/2024;03/06/2024;Benefit Claim;Michael Lead
REQ0382;103;Charlie Davis;HR;28/05/2024;31/05/2024;ID Card Replacement;Michael Lead
REQ0383;102;Bob Smith;HR;29/05/2024;07/06/2024;Benefit Claim;Michael Lead
REQ0384;103;Charlie Davis;HR;29/05/2024;01/06/2024;Benefit Claim;John Manager
REQ0385;102;Bob Smith;HR;30/05/2024;09/06/2024;Benefit Claim;Sarah Supervisor
REQ0386;103;Charlie Davis;HR;30/05/2024;03/06/2024;Payroll Issue;Michael Lead
REQ0387;105;Eve Wilson;HR;31/05/2024;01/06/2024;ID Card Replacement;John Manager
REQ0388;105;Eve Wilson;HR;31/05/2024;06/06/2024;Benefit Claim;Michael Lead
REQ0389;104;David Brown;HR;31/05/2024;06/06/2024;ID Card Replacement;Sarah Supervisor
REQ0390;105;Eve Wilson;HR;31/05/2024;10/06/2024;ID Card Replacement;Michael Lead
REQ0391;105;Eve Wilson;HR;01/06/2024;05/06/2024;Benefit Claim;Sarah Supervisor
REQ0392;105;Eve Wilson;HR;02/06/2024;06/06/2024;Benefit Claim;Sarah Supervisor
REQ0393;101;Alice Johnson;HR;02/06/2024;11/06/2024;Access Approval;Michael Lead
REQ0394;101;Alice Johnson;HR;03/06/2024;12/06/2024;Payroll Issue;Sarah Supervisor
REQ0395;102;Bob Smith;HR;03/06/2024;08/06/2024;Benefit Claim;Sarah Supervisor
REQ0396;101;Alice Johnson;HR;03/06/2024;11/06/2024;Benefit Claim;Michael Lead
REQ0397;103;Charlie Davis;HR;03/06/2024;;Access Approval;Michael Lead
REQ0398;104;David Brown;HR;04/06/2024;10/06/2024;Access Approval;Michael Lead
REQ0399;105;Eve Wilson;HR;04/06/2024;14/06/2024;Payroll Issue;John Manager
REQ0400;103;Charlie Davis;HR;05/06/2024;07/06/2024;Access Approval;Sarah Supervisor
REQ0401;104;David Brown;HR;05/06/2024;07/06/2024;ID Card Replacement;Sarah Supervisor
REQ0402;101;Alice Johnson;HR;05/06/2024;09/06/2024;Benefit Claim;Sarah Supervisor
REQ0403;104;David Brown;HR;05/06/2024;12/06/2024;Access Approval;John Manager
REQ0404;105;Eve Wilson;HR;05/06/2024;13/06/2024;Benefit Claim;Michael Lead
REQ0405;104;David Brown;HR;05/06/2024;10/06/2024;Benefit Claim;John Manager
REQ0406;103;Charlie Davis;HR;06/06/2024;09/06/2024;Benefit Claim;Michael Lead
REQ0407;102;Bob Smith;HR;06/06/2024;10/06/2024;Payroll Issue;Sarah Supervisor
REQ0408;105;Eve Wilson;HR;06/06/2024;11/06/2024;ID Card Replacement;Michael Lead
REQ0409;101;Alice Johnson;HR;06/06/2024;15/06/2024;Access Approval;Michael Lead
REQ0410;104;David Brown;HR;07/06/2024;08/06/2024;Benefit Claim;Sarah Supervisor
REQ0411;105;Eve Wilson;HR;08/06/2024;14/06/2024;Access Approval;Michael Lead
REQ0412;102;Bob Smith;HR;08/06/2024;17/06/2024;Access Approval;John Manager
REQ0413;101;Alice Johnson;HR;09/06/2024;17/06/2024;ID Card Replacement;Sarah Supervisor
REQ0414;105;Eve Wilson;HR;10/06/2024;19/06/2024;Access Approval;Sarah Supervisor
REQ0415;105;Eve Wilson;HR;10/06/2024;12/06/2024;Benefit Claim;Sarah Supervisor
REQ0416;102;Bob Smith;HR;10/06/2024;15/06/2024;ID Card Replacement;Sarah Supervisor
REQ0417;104;David Brown;HR;11/06/2024;14/06/2024;Access Approval;Sarah Supervisor
REQ0418;103;Charlie Davis;HR;11/06/2024;13/06/2024;Payroll Issue;John Manager
REQ0419;104;David Brown;HR;12/06/2024;15/06/2024;Payroll Issue;Michael Lead
REQ0420;101;Alice Johnson;HR;12/06/2024;15/06/2024;ID Card Replacement;Sarah Supervisor
REQ0421;101;Alice Johnson;HR;13/06/2024;15/06/2024;ID Card Replacement;Sarah Supervisor
REQ0422;104;David Brown;HR;13/06/2024;22/06/2024;ID Card Replacement;Michael Lead
REQ0423;101;Alice Johnson;HR;13/06/2024;19/06/2024;Access Approval;Sarah Supervisor
REQ0424;105;Eve Wilson;HR;13/06/2024;21/06/2024;ID Card Replacement;Sarah Supervisor
REQ0425;101;Alice Johnson;HR;13/06/2024;;Benefit Claim;Sarah Supervisor
REQ0426;104;David Brown;HR;14/06/2024;22/06/2024;Access Approval;John Manager
REQ0427;104;David Brown;HR;14/06/2024;21/06/2024;Benefit Claim;Sarah Supervisor
REQ0428;105;Eve Wilson;HR;14/06/2024;16/06/2024;Benefit Claim;Michael Lead
REQ0429;102;Bob Smith;HR;15/06/2024;21/06/2024;ID Card Replacement;John Manager
REQ0430;105;Eve Wilson;HR;15/06/2024;24/06/2024;Payroll Issue;John Manager
REQ0431;105;Eve Wilson;HR;15/06/2024;22/06/2024;Payroll Issue;Michael Lead
REQ0432;103;Charlie Davis;HR;15/06/2024;21/06/2024;Access Approval;Michael Lead
REQ0433;102;Bob Smith;HR;15/06/2024;;Access Approval;John Manager
REQ0434;103;Charlie Davis;HR;16/06/2024;19/06/2024;Payroll Issue;John Manager
REQ0435;104;David Brown;HR;17/06/2024;19/06/2024;Benefit Claim;John Manager
REQ0436;101;Alice Johnson;HR;17/06/2024;18/06/2024;Benefit Claim;Sarah Supervisor
REQ0437;102;Bob Smith;HR;17/06/2024;21/06/2024;Access Approval;Sarah Supervisor
REQ0438;101;Alice Johnson;HR;17/06/2024;23/06/2024;Benefit Claim;Michael Lead
REQ0439;104;David Brown;HR;18/06/2024;20/06/2024;Payroll Issue;Sarah Supervisor
REQ0440;103;Charlie Davis;HR;19/06/2024;26/06/2024;Benefit Claim;Sarah Supervisor
REQ0441;104;David Brown;HR;19/06/2024;29/06/2024;Payroll Issue;John Manager
REQ0442;101;Alice Johnson;HR;20/06/2024;21/06/2024;Payroll Issue;Michael Lead
REQ0443;104;David Brown;HR;20/06/2024;24/06/2024;Payroll Issue;Michael Lead
REQ0444;104;David Brown;HR;20/06/2024;30/06/2024;Benefit Claim;Sarah Supervisor
REQ0445;103;Charlie Davis;HR;20/06/2024;21/06/2024;Benefit Claim;Sarah Supervisor
REQ0446;104;David Brown;HR;20/06/2024;21/06/2024;Payroll Issue;Sarah Supervisor
REQ0447;101;Alice Johnson;HR;20/06/2024;21/06/2024;Benefit Claim;Michael Lead
REQ0448;101;Alice Johnson;HR;20/06/2024;26/06/2024;Access Approval;Sarah Supervisor
REQ0449;104;David Brown;HR;20/06/2024;27/06/2024;Payroll Issue;John Manager
REQ0450;101;Alice Johnson;HR;20/06/2024;21/06/2024;ID Card Replacement;Sarah Supervisor
REQ0451;101;Alice Johnson;HR;21/06/2024;24/06/2024;Access Approval;Michael Lead
REQ0452;104;David Brown;HR;21/06/2024;;Access Approval;John Manager
REQ0453;102;Bob Smith;HR;22/06/2024;25/06/2024;Payroll Issue;John Manager
REQ0454;103;Charlie Davis;HR;22/06/2024;;Access Approval;John Manager
REQ0455;104;David Brown;HR;22/06/2024;28/06/2024;Benefit Claim;John Manager
REQ0456;104;David Brown;HR;22/06/2024;23/06/2024;Payroll Issue;Michael Lead
REQ0457;102;Bob Smith;HR;23/06/2024;29/06/2024;Payroll Issue;John Manager
REQ0458;105;Eve Wilson;HR;23/06/2024;25/06/2024;ID Card Replacement;Sarah Supervisor
REQ0459;102;Bob Smith;HR;23/06/2024;30/06/2024;ID Card Replacement;John Manager
REQ0460;105;Eve Wilson;HR;23/06/2024;30/06/2024;Benefit Claim;Michael Lead
REQ0461;101;Alice Johnson;HR;24/06/2024;02/07/2024;ID Card Replacement;John Manager
REQ0462;102;Bob Smith;HR;24/06/2024;26/06/2024;Access Approval;John Manager
REQ0463;103;Charlie Davis;HR;25/06/2024;02/07/2024;Access Approval;John Manager
REQ0464;102;Bob Smith;HR;25/06/2024;04/07/2024;ID Card Replacement;Michael Lead
REQ0465;105;Eve Wilson;HR;25/06/2024;29/06/2024;ID Card Replacement;Sarah Supervisor
REQ0466;104;David Brown;HR;25/06/2024;01/07/2024;ID Card Replacement;Sarah Supervisor
REQ0467;102;Bob Smith;HR;25/06/2024;;ID Card Replacement;Michael Lead
REQ0468;105;Eve Wilson;HR;25/06/2024;05/07/2024;Benefit Claim;Sarah Supervisor
REQ0469;105;Eve Wilson;HR;26/06/2024;04/07/2024;Benefit Claim;Sarah Supervisor
REQ0470;103;Charlie Davis;HR;26/06/2024;27/06/2024;Access Approval;Sarah Supervisor
REQ0471;103;Charlie Davis;HR;27/06/2024;04/07/2024;ID Card Replacement;
REQ0472;103;Charlie Davis;HR;27/06/2024;30/06/2024;ID Card Replacement;Michael Lead
REQ0473;103;Charlie Davis;HR;28/06/2024;02/07/2024;Access Approval;John Manager
REQ0474;103;Charlie Davis;HR;28/06/2024;04/07/2024;Payroll Issue;John Manager
REQ0475;103;Charlie Davis;HR;28/06/2024;03/07/2024;ID Card Replacement;Michael Lead
REQ0476;102;Bob Smith;HR;28/06/2024;03/07/2024;Payroll Issue;John Manager
REQ0477;104;David Brown;HR;30/06/2024;05/07/2024;Payroll Issue;John Manager
REQ0478;105;Eve Wilson;HR;30/06/2024;04/07/2024;ID Card Replacement;Michael Lead
REQ0479;103;Charlie Davis;HR;30/06/2024;03/07/2024;ID Card Replacement;John Manager
REQ0480;105;Eve Wilson;HR;02/07/2024;03/07/2024;Benefit Claim;Michael Lead
REQ0481;105;Eve Wilson;HR;02/07/2024;05/07/2024;ID Card Replacement;Sarah Supervisor
REQ0482;102;Bob Smith;HR;03/07/2024;08/07/2024;Benefit Claim;Sarah Supervisor
REQ0483;104;David Brown;HR;04/07/2024;08/07/2024;Payroll Issue;Michael Lead
REQ0484;104;David Brown;HR;04/07/2024;13/07/2024;Benefit Claim;John Manager
REQ0485;101;Alice Johnson;HR;05/07/2024;14/07/2024;Benefit Claim;John Manager
REQ0486;103;Charlie Davis;HR;05/07/2024;08/07/2024;ID Card Replacement;John Manager
REQ0487;102;Bob Smith;HR;05/07/2024;11/07/2024;ID Card Replacement;John Manager
REQ0488;103;Charlie Davis;HR;05/07/2024;10/07/2024;Access Approval;Michael Lead
REQ0489;102;Bob Smith;HR;05/07/2024;13/07/2024;Access Approval;Michael Lead
REQ0490;103;Charlie Davis;HR;05/07/2024;10/07/2024;Benefit Claim;John Manager
REQ0491;102;Bob Smith;HR;05/07/2024;08/07/2024;ID Card Replacement;Sarah Supervisor
REQ0492;104;David Brown;HR;06/07/2024;10/07/2024;ID Card Replacement;Michael Lead
REQ0493;101;Alice Johnson;HR;06/07/2024;14/07/2024;Payroll Issue;Sarah Supervisor
REQ0494;104;David Brown;HR;06/07/2024;07/07/2024;ID Card Replacement;Sarah Supervisor
REQ0495;105;Eve Wilson;HR;07/07/2024;15/07/2024;Benefit Claim;Sarah Supervisor
REQ0496;104;David Brown;HR;07/07/2024;16/07/2024;Access Approval;Michael Lead
REQ0497;103;Charlie Davis;HR;07/07/2024;10/07/2024;Benefit Claim;Sarah Supervisor
REQ0498;102;Bob Smith;HR;07/07/2024;14/07/2024;Benefit Claim;Sarah Supervisor
REQ0499;104;David Brown;HR;08/07/2024;10/07/2024;Payroll Issue;Sarah Supervisor
REQ0500;101;Alice Johnson;HR;08/07/2024;18/07/2024;Benefit Claim;Sarah Supervisor
REQ0501;105;Eve Wilson;HR;08/07/2024;09/07/2024;Payroll Issue;Michael Lead
REQ0502;104;David Brown;HR;08/07/2024;16/07/2024;Payroll Issue;Sarah Supervisor
REQ0503;104;David Brown;HR;09/07/2024;12/07/2024;Payroll Issue;Michael Lead
REQ0504;103;Charlie Davis;HR;09/07/2024;14/07/2024;Benefit Claim;Michael Lead
REQ0505;103;Charlie Davis;HR;10/07/2024;20/07/2024;Benefit Claim;Michael Lead
REQ0506;105;Eve Wilson;HR;10/07/2024;13/07/2024;Access Approval;Michael Lead
REQ0507;101;Alice Johnson;HR;11/07/2024;12/07/2024;Payroll Issue;John Manager
REQ0508;103;Charlie Davis;HR;11/07/2024;14/07/2024;Access Approval;Michael Lead
REQ0509;102;Bob Smith;HR;11/07/2024;15/07/2024;Access Approval;Michael Lead
REQ0510;102;Bob Smith;HR;11/07/2024;16/07/2024;Access Approval;Michael Lead
REQ0511;104;David Brown;HR;11/07/2024;15/07/2024;ID Card Replacement;Sarah Supervisor
REQ0512;103;Charlie Davis;HR;12/07/2024;15/07/2024;Benefit Claim;Sarah Supervisor
REQ0513;105;Eve Wilson;HR;13/07/2024;19/07/2024;Benefit Claim;John Manager
REQ0514;102;Bob Smith;HR;13/07/2024;15/07/2024;Access Approval;John Manager
REQ0515;102;Bob Smith;HR;14/07/2024;18/07/2024;Access Approval;Michael Lead
REQ0516;104;David Brown;HR;14/07/2024;21/07/2024;Payroll Issue;Sarah Supervisor
REQ0517;104;David Brown;HR;14/07/2024;17/07/2024;Access Approval;Sarah Supervisor
REQ0518;103;Charlie Davis;HR;14/07/2024;23/07/2024;Benefit Claim;Sarah Supervisor
REQ0519;105;Eve Wilson;HR;15/07/2024;24/07/2024;ID Card Replacement;Michael Lead
REQ0520;101;Alice Johnson;HR;15/07/2024;16/07/2024;ID Card Replacement;John Manager
REQ0521;105;Eve Wilson;HR;15/07/2024;25/07/2024;ID Card Replacement;John Manager
REQ0522;103;Charlie Davis;HR;15/07/2024;22/07/2024;Payroll Issue;John Manager
REQ0523;102;Bob Smith;HR;15/07/2024;17/07/2024;ID Card Replacement;Michael Lead
REQ0524;105;Eve Wilson;HR;16/07/2024;20/07/2024;Payroll Issue;Sarah Supervisor
REQ0525;101;Alice Johnson;HR;16/07/2024;19/07/2024;ID Card Replacement;Michael Lead
REQ0526;102;Bob Smith;HR;16/07/2024;;Access Approval;Sarah Supervisor
REQ0527;105;Eve Wilson;HR;17/07/2024;;ID Card Replacement;Sarah Supervisor
REQ0528;101;Alice Johnson;HR;17/07/2024;20/07/2024;Benefit Claim;Sarah Supervisor
REQ0529;105;Eve Wilson;HR;18/07/2024;26/07/2024;Payroll Issue;Sarah Supervisor
REQ0530;105;Eve Wilson;HR;20/07/2024;25/07/2024;ID Card Replacement;Michael Lead
REQ0531;103;Charlie Davis;HR;20/07/2024;22/07/2024;Access Approval;Sarah Supervisor
REQ0532;103;Charlie Davis;HR;20/07/2024;21/07/2024;ID Card Replacement;John Manager
REQ0533;105;Eve Wilson;HR;20/07/2024;25/07/2024;Payroll Issue;Michael Lead
REQ0534;103;Charlie Davis;HR;21/07/2024;30/07/2024;Benefit Claim;John Manager
REQ0535;104;David Brown;HR;21/07/2024;29/07/2024;ID Card Replacement;John Manager
REQ0536;105;Eve Wilson;HR;22/07/2024;;Benefit Claim;Michael Lead
REQ0537;105;Eve Wilson;HR;22/07/2024;29/07/2024;Payroll Issue;John Manager
REQ0538;105;Eve Wilson;HR;22/07/2024;23/07/2024;Access Approval;John Manager
REQ0539;101;Alice Johnson;HR;22/07/2024;30/07/2024;Payroll Issue;Sarah Supervisor
REQ0540;105;Eve Wilson;HR;23/07/2024;24/07/2024;Benefit Claim;Michael Lead
REQ0541;102;Bob Smith;HR;23/07/2024;29/07/2024;Access Approval;Michael Lead
REQ0542;105;Eve Wilson;HR;23/07/2024;02/08/2024;Payroll Issue;John Manager
REQ0543;105;Eve Wilson;HR;24/07/2024;02/08/2024;Access Approval;John Manager
REQ0544;101;Alice Johnson;HR;26/07/2024;30/07/2024;Payroll Issue;Michael Lead
REQ0545;105;Eve Wilson;HR;27/07/2024;05/08/2024;Access Approval;Michael Lead
REQ0546;101;Alice Johnson;HR;27/07/2024;31/07/2024;Payroll Issue;John Manager
REQ0547;105;Eve Wilson;HR;27/07/2024;01/08/2024;ID Card Replacement;Sarah Supervisor
REQ0548;104;David Brown;HR;28/07/2024;;Benefit Claim;Michael Lead
REQ0549;104;David Brown;HR;28/07/2024;;Benefit Claim;Sarah Supervisor
REQ0550;103;Charlie Davis;HR;28/07/2024;02/08/2024;Payroll Issue;Michael Lead
REQ0551;102;Bob Smith;HR;29/07/2024;08/08/2024;Payroll Issue;Sarah Supervisor
REQ0552;103;Charlie Davis;HR;29/07/2024;08/08/2024;Access Approval;John Manager
REQ0553;105;Eve Wilson;HR;29/07/2024;31/07/2024;Access Approval;Michael Lead
REQ0554;105;Eve Wilson;HR;30/07/2024;31/07/2024;ID Card Replacement;John Manager
REQ0555;105;Eve Wilson;HR;30/07/2024;31/07/2024;Access Approval;John Manager
REQ0556;103;Charlie Davis;HR;31/07/2024;05/08/2024;ID Card Replacement;John Manager
REQ0557;104;David Brown;HR;31/07/2024;09/08/2024;Access Approval;Sarah Supervisor
REQ0558;103;Charlie Davis;HR;01/08/2024;;Access Approval;Sarah Supervisor
REQ0559;104;David Brown;HR;01/08/2024;;Access Approval;Michael Lead
REQ0560;101;Alice Johnson;HR;01/08/2024;08/08/2024;Payroll Issue;Sarah Supervisor
REQ0561;103;Charlie Davis;HR;01/08/2024;07/08/2024;Payroll Issue;Michael Lead
REQ0562;102;Bob Smith;HR;01/08/2024;06/08/2024;Access Approval;Sarah Supervisor
REQ0563;105;Eve Wilson;HR;03/08/2024;05/08/2024;Payroll Issue;Michael Lead
REQ0564;105;Eve Wilson;HR;04/08/2024;10/08/2024;ID Card Replacement;Sarah Supervisor
REQ0565;103;Charlie Davis;HR;04/08/2024;14/08/2024;ID Card Replacement;John Manager
REQ0566;104;David Brown;HR;04/08/2024;05/08/2024;Payroll Issue;John Manager
REQ0567;101;Alice Johnson;HR;04/08/2024;14/08/2024;ID Card Replacement;Michael Lead
REQ0568;103;Charlie Davis;HR;04/08/2024;08/08/2024;Access Approval;Sarah Supervisor
REQ0569;102;Bob Smith;HR;04/08/2024;13/08/2024;ID Card Replacement;John Manager
REQ0570;101;Alice Johnson;HR;05/08/2024;06/08/2024;Benefit Claim;Sarah Supervisor
REQ0571;104;David Brown;HR;05/08/2024;08/08/2024;Access Approval;John Manager
REQ0572;102;Bob Smith;HR;06/08/2024;09/08/2024;Access Approval;Sarah Supervisor
REQ0573;105;Eve Wilson;HR;06/08/2024;13/08/2024;Payroll Issue;John Manager
REQ0574;105;Eve Wilson;HR;06/08/2024;10/08/2024;Payroll Issue;John Manager
REQ0575;101;Alice Johnson;HR;06/08/2024;16/08/2024;ID Card Replacement;John Manager
REQ0576;103;Charlie Davis;HR;07/08/2024;11/08/2024;Payroll Issue;Michael Lead
REQ0577;104;David Brown;HR;08/08/2024;14/08/2024;ID Card Replacement;John Manager
REQ0578;104;David Brown;HR;08/08/2024;15/08/2024;ID Card Replacement;Sarah Supervisor
REQ0579;105;Eve Wilson;HR;10/08/2024;11/08/2024;Access Approval;John Manager
REQ0580;105;Eve Wilson;HR;10/08/2024;16/08/2024;Benefit Claim;Sarah Supervisor
REQ0581;101;Alice Johnson;HR;10/08/2024;19/08/2024;Benefit Claim;Sarah Supervisor
REQ0582;103;Charlie Davis;HR;10/08/2024;20/08/2024;Payroll Issue;Sarah Supervisor
REQ0583;105;Eve Wilson;HR;10/08/2024;18/08/2024;Payroll Issue;Michael Lead
REQ0584;101;Alice Johnson;HR;11/08/2024;16/08/2024;Payroll Issue;John Manager
REQ0585;103;Charlie Davis;HR;12/08/2024;15/08/2024;Access Approval;Sarah Supervisor
REQ0586;103;Charlie Davis;HR;12/08/2024;16/08/2024;Payroll Issue;John Manager
REQ0587;102;Bob Smith;HR;12/08/2024;14/08/2024;ID Card Replacement;Michael Lead
REQ0588;102;Bob Smith;HR;12/08/2024;22/08/2024;ID Card Replacement;John Manager
REQ0589;101;Alice Johnson;HR;12/08/2024;22/08/2024;Benefit Claim;Michael Lead
REQ0590;105;Eve Wilson;HR;13/08/2024;15/08/2024;ID Card Replacement;Michael Lead
REQ0591;102;Bob Smith;HR;15/08/2024;23/08/2024;ID Card Replacement;John Manager
REQ0592;104;David Brown;HR;16/08/2024;20/08/2024;ID Card Replacement;John Manager
REQ0593;104;David Brown;HR;16/08/2024;;Access Approval;Sarah Supervisor
REQ0594;101;Alice Johnson;HR;16/08/2024;21/08/2024;Benefit Claim;John Manager
REQ0595;103;Charlie Davis;HR;17/08/2024;26/08/2024;Benefit Claim;Michael Lead
REQ0596;104;David Brown;HR;17/08/2024;;Payroll Issue;Sarah Supervisor
REQ0597;104;David Brown;HR;17/08/2024;26/08/2024;Access Approval;Michael Lead
REQ0598;101;Alice Johnson;HR;18/08/2024;24/08/2024;Access Approval;Michael Lead
REQ0599;103;Charlie Davis;HR;18/08/2024;19/08/2024;Benefit Claim;Sarah Supervisor
REQ0600;104;David Brown;HR;18/08/2024;27/08/2024;ID Card Replacement;Sarah Supervisor
REQ0601;104;David Brown;HR;19/08/2024;28/08/2024;Access Approval;Michael Lead
REQ0602;101;Alice Johnson;HR;19/08/2024;25/08/2024;Payroll Issue;Sarah Supervisor
REQ0603;103;Charlie Davis;HR;19/08/2024;27/08/2024;Access Approval;Sarah Supervisor
REQ0604;101;Alice Johnson;HR;20/08/2024;28/08/2024;Access Approval;Sarah Supervisor
REQ0605;101;Alice Johnson;HR;20/08/2024;29/08/2024;Benefit Claim;Sarah Supervisor
REQ0606;103;Charlie Davis;HR;21/08/2024;30/08/2024;Benefit Claim;Sarah Supervisor
REQ0607;105;Eve Wilson;HR;21/08/2024;;ID Card Replacement;Michael Lead
REQ0608;102;Bob Smith;HR;21/08/2024;25/08/2024;Benefit Claim;John Manager
REQ0609;101;Alice Johnson;HR;21/08/2024;29/08/2024;Benefit Claim;Michael Lead
REQ0610;104;David Brown;HR;21/08/2024;;Payroll Issue;John Manager
REQ0611;101;Alice Johnson;HR;22/08/2024;;Payroll Issue;Sarah Supervisor
REQ0612;105;Eve Wilson;HR;22/08/2024;;Payroll Issue;John Manager
REQ0613;101;Alice Johnson;HR;22/08/2024;24/08/2024;Access Approval;John Manager
REQ0614;104;David Brown;HR;23/08/2024;28/08/2024;Payroll Issue;Sarah Supervisor
REQ0615;105;Eve Wilson;HR;23/08/2024;30/08/2024;Benefit Claim;Michael Lead
REQ0616;104;David Brown;HR;23/08/2024;01/09/2024;Payroll Issue;Sarah Supervisor
REQ0617;103;Charlie Davis;HR;23/08/2024;29/08/2024;Benefit Claim;Michael Lead
REQ0618;105;Eve Wilson;HR;24/08/2024;30/08/2024;Benefit Claim;John Manager
REQ0619;105;Eve Wilson;HR;24/08/2024;29/08/2024;Benefit Claim;John Manager
REQ0620;104;David Brown;HR;25/08/2024;26/08/2024;Benefit Claim;Sarah Supervisor
REQ0621;102;Bob Smith;HR;25/08/2024;27/08/2024;Access Approval;John Manager
REQ0622;104;David Brown;HR;25/08/2024;04/09/2024;Benefit Claim;Sarah Supervisor
REQ0623;105;Eve Wilson;HR;26/08/2024;28/08/2024;Benefit Claim;Sarah Supervisor
REQ0624;104;David Brown;HR;26/08/2024;28/08/2024;ID Card Replacement;Sarah Supervisor
REQ0625;105;Eve Wilson;HR;27/08/2024;;Payroll Issue;Sarah Supervisor
REQ0626;105;Eve Wilson;HR;28/08/2024;03/09/2024;Benefit Claim;Sarah Supervisor
REQ0627;103;Charlie Davis;HR;28/08/2024;30/08/2024;ID Card Replacement;Sarah Supervisor
REQ0628;104;David Brown;HR;28/08/2024;07/09/2024;Access Approval;John Manager
REQ0629;101;Alice Johnson;HR;29/08/2024;03/09/2024;Benefit Claim;Michael Lead
REQ0630;105;Eve Wilson;HR;30/08/2024;03/09/2024;Payroll Issue;Michael Lead
REQ0631;101;Alice Johnson;HR;30/08/2024;04/09/2024;Payroll Issue;John Manager
REQ0632;102;Bob Smith;HR;31/08/2024;04/09/2024;Benefit Claim;John Manager
REQ0633;102;Bob Smith;HR;31/08/2024;04/09/2024;ID Card Replacement;Michael Lead
REQ0634;101;Alice Johnson;HR;01/09/2024;07/09/2024;ID Card Replacement;Michael Lead
REQ0635;105;Eve Wilson;HR;01/09/2024;08/09/2024;Access Approval;Michael Lead
REQ0636;105;Eve Wilson;HR;02/09/2024;;ID Card Replacement;Sarah Supervisor
REQ0637;103;Charlie Davis;HR;02/09/2024;07/09/2024;Benefit Claim;John Manager
REQ0638;105;Eve Wilson;HR;02/09/2024;07/09/2024;ID Card Replacement;Sarah Supervisor
REQ0639;102;Bob Smith;HR;02/09/2024;06/09/2024;Access Approval;John Manager
REQ0640;103;Charlie Davis;HR;02/09/2024;08/09/2024;Access Approval;Michael Lead
REQ0641;104;David Brown;HR;02/09/2024;03/09/2024;ID Card Replacement;Michael Lead
REQ0642;105;Eve Wilson;HR;02/09/2024;06/09/2024;Benefit Claim;Sarah Supervisor
REQ0643;101;Alice Johnson;HR;02/09/2024;06/09/2024;ID Card Replacement;John Manager
REQ0644;102;Bob Smith;HR;02/09/2024;11/09/2024;Payroll Issue;Michael Lead
REQ0645;103;Charlie Davis;HR;02/09/2024;04/09/2024;Benefit Claim;Sarah Supervisor
REQ0646;104;David Brown;HR;03/09/2024;10/09/2024;ID Card Replacement;John Manager
REQ0647;102;Bob Smith;HR;03/09/2024;;Payroll Issue;Michael Lead
REQ0648;102;Bob Smith;HR;03/09/2024;09/09/2024;Access Approval;Sarah Supervisor
REQ0649;101;Alice Johnson;HR;03/09/2024;10/09/2024;ID Card Replacement;Sarah Supervisor
REQ0650;104;David Brown;HR;03/09/2024;04/09/2024;Access Approval;John Manager
REQ0651;101;Alice Johnson;HR;03/09/2024;07/09/2024;Payroll Issue;Sarah Supervisor
REQ0652;102;Bob Smith;HR;03/09/2024;06/09/2024;Payroll Issue;John Manager
REQ0653;102;Bob Smith;HR;03/09/2024;09/09/2024;ID Card Replacement;Michael Lead
REQ0654;102;Bob Smith;HR;04/09/2024;10/09/2024;Payroll Issue;John Manager
REQ0655;104;David Brown;HR;04/09/2024;10/09/2024;Benefit Claim;Michael Lead
REQ0656;103;Charlie Davis;HR;04/09/2024;11/09/2024;Access Approval;Sarah Supervisor
REQ0657;102;Bob Smith;HR;04/09/2024;08/09/2024;ID Card Replacement;John Manager
REQ0658;103;Charlie Davis;HR;04/09/2024;08/09/2024;Payroll Issue;John Manager
REQ0659;102;Bob Smith;HR;04/09/2024;13/09/2024;Benefit Claim;Sarah Supervisor
REQ0660;101;Alice Johnson;HR;04/09/2024;14/09/2024;ID Card Replacement;Michael Lead
REQ0661;104;David Brown;HR;05/09/2024;15/09/2024;Benefit Claim;Michael Lead
REQ0662;103;Charlie Davis;HR;06/09/2024;09/09/2024;Payroll Issue;Sarah Supervisor
REQ0663;101;Alice Johnson;HR;06/09/2024;09/09/2024;Access Approval;Sarah Supervisor
REQ0664;102;Bob Smith;HR;07/09/2024;14/09/2024;ID Card Replacement;John Manager
REQ0665;104;David Brown;HR;07/09/2024;14/09/2024;ID Card Replacement;Sarah Supervisor
REQ0666;104;David Brown;HR;07/09/2024;12/09/2024;Benefit Claim;Michael Lead
REQ0667;105;Eve Wilson;HR;08/09/2024;;Access Approval;Sarah Supervisor
REQ0668;102;Bob Smith;HR;08/09/2024;16/09/2024;Payroll Issue;Michael Lead
REQ0669;103;Charlie Davis;HR;08/09/2024;11/09/2024;Payroll Issue;Michael Lead
REQ0670;104;David Brown;HR;08/09/2024;09/09/2024;Benefit Claim;Michael Lead
REQ0671;104;David Brown;HR;09/09/2024;13/09/2024;Benefit Claim;John Manager
REQ0672;105;Eve Wilson;HR;09/09/2024;19/09/2024;Access Approval;Michael Lead
REQ0673;103;Charlie Davis;HR;09/09/2024;10/09/2024;Benefit Claim;Sarah Supervisor
REQ0674;105;Eve Wilson;HR;11/09/2024;19/09/2024;Access Approval;Michael Lead
REQ0675;103;Charlie Davis;HR;11/09/2024;12/09/2024;Access Approval;
REQ0676;101;Alice Johnson;HR;13/09/2024;17/09/2024;Payroll Issue;Michael Lead
REQ0677;105;Eve Wilson;HR;13/09/2024;16/09/2024;ID Card Replacement;John Manager
REQ0678;102;Bob Smith;HR;13/09/2024;15/09/2024;Benefit Claim;Michael Lead
REQ0679;104;David Brown;HR;14/09/2024;18/09/2024;Benefit Claim;Michael Lead
REQ0680;101;Alice Johnson;HR;15/09/2024;20/09/2024;Benefit Claim;John Manager
REQ0681;102;Bob Smith;HR;15/09/2024;23/09/2024;Benefit Claim;Michael Lead
REQ0682;102;Bob Smith;HR;15/09/2024;18/09/2024;ID Card Replacement;Sarah Supervisor
REQ0683;105;Eve Wilson;HR;16/09/2024;;Access Approval;Sarah Supervisor
REQ0684;101;Alice Johnson;HR;17/09/2024;27/09/2024;Benefit Claim;Sarah Supervisor
REQ0685;105;Eve Wilson;HR;17/09/2024;18/09/2024;ID Card Replacement;John Manager
REQ0686;101;Alice Johnson;HR;17/09/2024;21/09/2024;ID Card Replacement;Michael Lead
REQ0687;101;Alice Johnson;HR;18/09/2024;24/09/2024;Access Approval;Sarah Supervisor
REQ0688;101;Alice Johnson;HR;18/09/2024;27/09/2024;ID Card Replacement;Michael Lead
REQ0689;101;Alice Johnson;HR;19/09/2024;;Benefit Claim;John Manager
REQ0690;104;David Brown;HR;20/09/2024;28/09/2024;Payroll Issue;Sarah Supervisor
REQ0691;102;Bob Smith;HR;20/09/2024;24/09/2024;Payroll Issue;Michael Lead
REQ0692;105;Eve Wilson;HR;20/09/2024;22/09/2024;Benefit Claim;John Manager
REQ0693;104;David Brown;HR;20/09/2024;25/09/2024;Benefit Claim;Michael Lead
REQ0694;104;David Brown;HR;20/09/2024;26/09/2024;ID Card Replacement;Sarah Supervisor
REQ0695;103;Charlie Davis;HR;21/09/2024;01/10/2024;ID Card Replacement;John Manager
REQ0696;103;Charlie Davis;HR;22/09/2024;;Access Approval;John Manager
REQ0697;105;Eve Wilson;HR;22/09/2024;01/10/2024;Benefit Claim;Michael Lead
REQ0698;101;Alice Johnson;HR;22/09/2024;23/09/2024;Payroll Issue;Michael Lead
REQ0699;101;Alice Johnson;HR;22/09/2024;01/10/2024;ID Card Replacement;Sarah Supervisor
REQ0700;105;Eve Wilson;HR;23/09/2024;01/10/2024;Access Approval;John Manager
REQ0701;103;Charlie Davis;HR;24/09/2024;29/09/2024;Payroll Issue;Michael Lead
REQ0702;103;Charlie Davis;HR;24/09/2024;04/10/2024;Payroll Issue;John Manager
REQ0703;104;David Brown;HR;24/09/2024;28/09/2024;Access Approval;Michael Lead
REQ0704;104;David Brown;HR;25/09/2024;04/10/2024;Access Approval;Michael Lead
REQ0705;103;Charlie Davis;HR;25/09/2024;28/09/2024;Access Approval;Michael Lead
REQ0706;102;Bob Smith;HR;25/09/2024;27/09/2024;Access Approval;Sarah Supervisor
REQ0707;102;Bob Smith;HR;25/09/2024;;ID Card Replacement;Sarah Supervisor
REQ0708;102;Bob Smith;HR;26/09/2024;01/10/2024;Benefit Claim;John Manager
REQ0709;102;Bob Smith;HR;26/09/2024;29/09/2024;Payroll Issue;Michael Lead
REQ0710;104;David Brown;HR;27/09/2024;06/10/2024;Benefit Claim;Michael Lead
REQ0711;105;Eve Wilson;HR;27/09/2024;02/10/2024;Benefit Claim;Sarah Supervisor
REQ0712;105;Eve Wilson;HR;27/09/2024;07/10/2024;ID Card Replacement;Michael Lead
REQ0713;101;Alice Johnson;HR;27/09/2024;28/09/2024;ID Card Replacement;John Manager
REQ0714;104;David Brown;HR;28/09/2024;07/10/2024;Access Approval;John Manager
REQ0715;104;David Brown;HR;28/09/2024;;Payroll Issue;Michael Lead
REQ0716;101;Alice Johnson;HR;28/09/2024;30/09/2024;Payroll Issue;Michael Lead
REQ0717;102;Bob Smith;HR;29/09/2024;06/10/2024;Access Approval;Sarah Supervisor
REQ0718;105;Eve Wilson;HR;29/09/2024;02/10/2024;Access Approval;Sarah Supervisor
REQ0719;102;Bob Smith;HR;29/09/2024;09/10/2024;Access Approval;Michael Lead
REQ0720;103;Charlie Davis;HR;30/09/2024;04/10/2024;Payroll Issue;John Manager
REQ0721;102;Bob Smith;HR;30/09/2024;01/10/2024;Payroll Issue;Michael Lead
REQ0722;103;Charlie Davis;HR;01/10/2024;10/10/2024;Access Approval;Sarah Supervisor
REQ0723;101;Alice Johnson;HR;01/10/2024;06/10/2024;ID Card Replacement;Michael Lead
REQ0724;101;Alice Johnson;HR;01/10/2024;07/10/2024;Payroll Issue;Sarah Supervisor
REQ0725;101;Alice Johnson;HR;01/10/2024;08/10/2024;Payroll Issue;John Manager
REQ0726;102;Bob Smith;HR;01/10/2024;03/10/2024;Benefit Claim;Michael Lead
REQ0727;102;Bob Smith;HR;01/10/2024;05/10/2024;Payroll Issue;Sarah Supervisor
REQ0728;105;Eve Wilson;HR;03/10/2024;06/10/2024;Benefit Claim;Michael Lead
REQ0729;105;Eve Wilson;HR;03/10/2024;12/10/2024;ID Card Replacement;John Manager
REQ0730;103;Charlie Davis;HR;04/10/2024;14/10/2024;Payroll Issue;John Manager
REQ0731;104;David Brown;HR;04/10/2024;08/10/2024;Payroll Issue;Michael Lead
REQ0732;101;Alice Johnson;HR;04/10/2024;09/10/2024;ID Card Replacement;Sarah Supervisor
REQ0733;105;Eve Wilson;HR;04/10/2024;;Benefit Claim;John Manager
REQ0734;104;David Brown;HR;05/10/2024;11/10/2024;Access Approval;John Manager
REQ0735;103;Charlie Davis;HR;05/10/2024;12/10/2024;Payroll Issue;Sarah Supervisor
REQ0736;105;Eve Wilson;HR;06/10/2024;13/10/2024;Access Approval;Sarah Supervisor
REQ0737;102;Bob Smith;HR;06/10/2024;15/10/2024;Payroll Issue;John Manager
REQ0738;104;David Brown;HR;06/10/2024;08/10/2024;Access Approval;John Manager
REQ0739;103;Charlie Davis;HR;07/10/2024;13/10/2024;ID Card Replacement;Sarah Supervisor
REQ0740;105;Eve Wilson;HR;07/10/2024;17/10/2024;Access Approval;Michael Lead
REQ0741;102;Bob Smith;HR;07/10/2024;12/10/2024;Payroll Issue;Sarah Supervisor
REQ0742;103;Charlie Davis;HR;08/10/2024;16/10/2024;Access Approval;Michael Lead
REQ0743;101;Alice Johnson;HR;08/10/2024;11/10/2024;Benefit Claim;Michael Lead
REQ0744;105;Eve Wilson;HR;08/10/2024;15/10/2024;Access Approval;Sarah Supervisor
REQ0745;104;David Brown;HR;08/10/2024;18/10/2024;Benefit Claim;Michael Lead
REQ0746;103;Charlie Davis;HR;08/10/2024;17/10/2024;Access Approval;Michael Lead
REQ0747;105;Eve Wilson;HR;09/10/2024;;Access Approval;Michael Lead
REQ0748;101;Alice Johnson;HR;09/10/2024;15/10/2024;ID Card Replacement;Michael Lead
REQ0749;105;Eve Wilson;HR;10/10/2024;20/10/2024;Payroll Issue;Sarah Supervisor
REQ0750;102;Bob Smith;HR;10/10/2024;14/10/2024;Access Approval;John Manager
REQ0751;103;Charlie Davis;HR;10/10/2024;17/10/2024;Payroll Issue;Sarah Supervisor
REQ0752;103;Charlie Davis;HR;10/10/2024;19/10/2024;;John Manager
REQ0753;104;David Brown;HR;10/10/2024;20/10/2024;Payroll Issue;Sarah Supervisor
REQ0754;102;Bob Smith;HR;10/10/2024;19/10/2024;Benefit Claim;John Manager
REQ0755;102;Bob Smith;HR;11/10/2024;12/10/2024;Benefit Claim;John Manager
REQ0756;101;Alice Johnson;HR;11/10/2024;12/10/2024;Payroll Issue;Sarah Supervisor
REQ0757;103;Charlie Davis;HR;11/10/2024;17/10/2024;ID Card Replacement;Sarah Supervisor
REQ0758;101;Alice Johnson;HR;13/10/2024;21/10/2024;ID Card Replacement;John Manager
REQ0759;104;David Brown;HR;13/10/2024;17/10/2024;Access Approval;Michael Lead
REQ0760;102;Bob Smith;HR;13/10/2024;22/10/2024;Payroll Issue;Sarah Supervisor
REQ0761;105;Eve Wilson;HR;14/10/2024;16/10/2024;Payroll Issue;Michael Lead
REQ0762;104;David Brown;HR;14/10/2024;;Payroll Issue;John Manager
REQ0763;102;Bob Smith;HR;14/10/2024;18/10/2024;ID Card Replacement;John Manager
REQ0764;101;Alice Johnson;HR;15/10/2024;;ID Card Replacement;Michael Lead
REQ0765;103;Charlie Davis;HR;15/10/2024;25/10/2024;Access Approval;John Manager
REQ0766;103;Charlie Davis;HR;15/10/2024;;Access Approval;Michael Lead
REQ0767;105;Eve Wilson;HR;15/10/2024;19/10/2024;ID Card Replacement;Michael Lead
REQ0768;103;Charlie Davis;HR;15/10/2024;22/10/2024;Benefit Claim;Sarah Supervisor
REQ0769;103;Charlie Davis;HR;16/10/2024;26/10/2024;Access Approval;John Manager
REQ0770;105;Eve Wilson;HR;17/10/2024;24/10/2024;Payroll Issue;John Manager
REQ0771;105;Eve Wilson;HR;17/10/2024;27/10/2024;ID Card Replacement;Michael Lead
REQ0772;102;Bob Smith;HR;18/10/2024;26/10/2024;Payroll Issue;John Manager
REQ0773;102;Bob Smith;HR;18/10/2024;20/10/2024;Access Approval;Michael Lead
REQ0774;104;David Brown;HR;18/10/2024;21/10/2024;ID Card Replacement;Michael Lead
REQ0775;105;Eve Wilson;HR;19/10/2024;21/10/2024;Access Approval;Michael Lead
REQ0776;101;Alice Johnson;HR;19/10/2024;20/10/2024;Benefit Claim;John Manager
REQ0777;102;Bob Smith;HR;19/10/2024;;Benefit Claim;Michael Lead
REQ0778;104;David Brown;HR;19/10/2024;21/10/2024;Payroll Issue;Sarah Supervisor
REQ0779;104;David Brown;HR;19/10/2024;26/10/2024;Benefit Claim;John Manager
REQ0780;101;Alice Johnson;HR;20/10/2024;26/10/2024;Access Approval;Sarah Supervisor
REQ0781;105;Eve Wilson;HR;20/10/2024;23/10/2024;ID Card Replacement;Sarah Supervisor
REQ0782;105;Eve Wilson;HR;20/10/2024;25/10/2024;Benefit Claim;Michael Lead
REQ0783;103;Charlie Davis;HR;21/10/2024;30/10/2024;ID Card Replacement;John Manager
REQ0784;105;Eve Wilson;HR;21/10/2024;23/10/2024;ID Card Replacement;Sarah Supervisor
REQ0785;101;Alice Johnson;HR;21/10/2024;27/10/2024;Access Approval;Sarah Supervisor
REQ0786;105;Eve Wilson;HR;;23/10/2024;Benefit Claim;Michael Lead
REQ0787;102;Bob Smith;HR;22/10/2024;30/10/2024;Payroll Issue;Michael Lead
REQ0788;102;Bob Smith;HR;22/10/2024;;Benefit Claim;Sarah Supervisor
REQ0789;102;Bob Smith;HR;22/10/2024;29/10/2024;Payroll Issue;Michael Lead
REQ0790;104;David Brown;HR;22/10/2024;30/10/2024;Payroll Issue;Sarah Supervisor
REQ0791;102;Bob Smith;HR;22/10/2024;23/10/2024;Payroll Issue;John Manager
REQ0792;102;Bob Smith;HR;23/10/2024;28/10/2024;Access Approval;Michael Lead
REQ0793;105;Eve Wilson;HR;23/10/2024;;Access Approval;Michael Lead
REQ0794;105;Eve Wilson;HR;23/10/2024;31/10/2024;Payroll Issue;Michael Lead
REQ0795;105;Eve Wilson;HR;23/10/2024;24/10/2024;ID Card Replacement;John Manager
REQ0796;103;Charlie Davis;HR;23/10/2024;30/10/2024;Benefit Claim;Sarah Supervisor
REQ0797;103;Charlie Davis;HR;24/10/2024;25/10/2024;ID Card Replacement;Michael Lead
REQ0798;104;David Brown;HR;24/10/2024;02/11/2024;ID Card Replacement;John Manager
REQ0799;104;David Brown;HR;24/10/2024;25/10/2024;Payroll Issue;John Manager
REQ0800;103;Charlie Davis;HR;25/10/2024;27/10/2024;Access Approval;John Manager
REQ0801;104;David Brown;HR;25/10/2024;30/10/2024;ID Card Replacement;Sarah Supervisor
REQ0802;102;Bob Smith;HR;28/10/2024;02/11/2024;Payroll Issue;John Manager
REQ0803;101;Alice Johnson;HR;;03/11/2024;Benefit Claim;Michael Lead
REQ0804;103;Charlie Davis;HR;28/10/2024;06/11/2024;Benefit Claim;John Manager
REQ0805;102;Bob Smith;HR;28/10/2024;05/11/2024;Access Approval;John Manager
REQ0806;102;Bob Smith;HR;28/10/2024;04/11/2024;Access Approval;Sarah Supervisor
REQ0807;104;David Brown;HR;28/10/2024;05/11/2024;Benefit Claim;Michael Lead
REQ0808;102;Bob Smith;HR;29/10/2024;;ID Card Replacement;Sarah Supervisor
REQ0809;105;Eve Wilson;HR;29/10/2024;04/11/2024;Benefit Claim;John Manager
REQ0810;101;Alice Johnson;HR;29/10/2024;07/11/2024;ID Card Replacement;John Manager
REQ0811;103;Charlie Davis;HR;30/10/2024;05/11/2024;;Sarah Supervisor
REQ0812;101;Alice Johnson;HR;30/10/2024;08/11/2024;Benefit Claim;Michael Lead
REQ0813;101;Alice Johnson;HR;31/10/2024;02/11/2024;Benefit Claim;Sarah Supervisor
REQ0814;104;David Brown;HR;31/10/2024;05/11/2024;Access Approval;Michael Lead
REQ0815;104;David Brown;HR;31/10/2024;06/11/2024;Benefit Claim;Michael Lead
REQ0816;104;David Brown;HR;31/10/2024;07/11/2024;Access Approval;Sarah Supervisor
REQ0817;104;David Brown;HR;31/10/2024;;Payroll Issue;Sarah Supervisor
REQ0818;101;Alice Johnson;HR;01/11/2024;05/11/2024;Access Approval;Sarah Supervisor
REQ0819;101;Alice Johnson;HR;01/11/2024;03/11/2024;ID Card Replacement;Michael Lead
REQ0820;102;Bob Smith;HR;01/11/2024;11/11/2024;;John Manager
REQ0821;105;Eve Wilson;HR;01/11/2024;03/11/2024;ID Card Replacement;John Manager
REQ0822;101;Alice Johnson;HR;;09/11/2024;Payroll Issue;Michael Lead
REQ0823;105;Eve Wilson;HR;02/11/2024;12/11/2024;Benefit Claim;John Manager
REQ0824;101;Alice Johnson;HR;02/11/2024;11/11/2024;Access Approval;Sarah Supervisor
REQ0825;104;David Brown;HR;03/11/2024;13/11/2024;Access Approval;Michael Lead
REQ0826;103;Charlie Davis;HR;03/11/2024;09/11/2024;Payroll Issue;Sarah Supervisor
REQ0827;102;Bob Smith;HR;04/11/2024;11/11/2024;Access Approval;John Manager
REQ0828;102;Bob Smith;HR;04/11/2024;09/11/2024;Access Approval;Michael Lead
REQ0829;101;Alice Johnson;HR;05/11/2024;12/11/2024;Payroll Issue;Michael Lead
REQ0830;101;Alice Johnson;HR;05/11/2024;08/11/2024;Access Approval;John Manager
REQ0831;101;Alice Johnson;HR;05/11/2024;06/11/2024;ID Card Replacement;John Manager
REQ0832;105;Eve Wilson;HR;05/11/2024;;Access Approval;John Manager
REQ0833;101;Alice Johnson;HR;05/11/2024;08/11/2024;ID Card Replacement;Sarah Supervisor
REQ0834;102;Bob Smith;HR;05/11/2024;10/11/2024;ID Card Replacement;Michael Lead
REQ0835;101;Alice Johnson;HR;07/11/2024;09/11/2024;Access Approval;John Manager
REQ0836;105;Eve Wilson;HR;07/11/2024;09/11/2024;ID Card Replacement;Sarah Supervisor
REQ0837;101;Alice Johnson;HR;07/11/2024;16/11/2024;Payroll Issue;John Manager
REQ0838;105;Eve Wilson;HR;07/11/2024;16/11/2024;Access Approval;John Manager
REQ0839;102;Bob Smith;HR;07/11/2024;15/11/2024;Payroll Issue;Michael Lead
REQ0840;102;Bob Smith;HR;08/11/2024;10/11/2024;Payroll Issue;John Manager
REQ0841;104;David Brown;HR;09/11/2024;16/11/2024;Benefit Claim;Michael Lead
REQ0842;101;Alice Johnson;HR;09/11/2024;10/11/2024;;Sarah Supervisor
REQ0843;105;Eve Wilson;HR;09/11/2024;18/11/2024;Payroll Issue;John Manager
REQ0844;102;Bob Smith;HR;09/11/2024;;Payroll Issue;Michael Lead
REQ0845;104;David Brown;HR;10/11/2024;18/11/2024;Benefit Claim;Michael Lead
REQ0846;102;Bob Smith;HR;10/11/2024;11/11/2024;Payroll Issue;Michael Lead
REQ0847;103;Charlie Davis;HR;;13/11/2024;ID Card Replacement;Sarah Supervisor
REQ0848;103;Charlie Davis;HR;10/11/2024;14/11/2024;Payroll Issue;Sarah Supervisor
REQ0849;104;David Brown;HR;10/11/2024;19/11/2024;Benefit Claim;Michael Lead
REQ0850;105;Eve Wilson;HR;10/11/2024;14/11/2024;ID Card Replacement;Sarah Supervisor
REQ0851;104;David Brown;HR;10/11/2024;18/11/2024;ID Card Replacement;John Manager
REQ0852;103;Charlie Davis;HR;10/11/2024;;ID Card Replacement;Sarah Supervisor
REQ0853;103;Charlie Davis;HR;11/11/2024;21/11/2024;Payroll Issue;Sarah Supervisor
REQ0854;104;David Brown;HR;11/11/2024;15/11/2024;Payroll Issue;Sarah Supervisor
REQ0855;103;Charlie Davis;HR;11/11/2024;13/11/2024;Payroll Issue;Michael Lead
REQ0856;101;Alice Johnson;HR;12/11/2024;19/11/2024;Access Approval;Michael Lead
REQ0857;103;Charlie Davis;HR;13/11/2024;;Benefit Claim;Michael Lead
REQ0858;103;Charlie Davis;HR;13/11/2024;17/11/2024;Benefit Claim;Sarah Supervisor
REQ0859;105;Eve Wilson;HR;14/11/2024;;ID Card Replacement;Sarah Supervisor
REQ0860;105;Eve Wilson;HR;14/11/2024;24/11/2024;Access Approval;John Manager
REQ0861;103;Charlie Davis;HR;14/11/2024;15/11/2024;ID Card Replacement;Michael Lead
REQ0862;105;Eve Wilson;HR;14/11/2024;22/11/2024;ID Card Replacement;Michael Lead
REQ0863;104;David Brown;HR;14/11/2024;17/11/2024;Payroll Issue;John Manager
REQ0864;104;David Brown;HR;15/11/2024;25/11/2024;Access Approval;John Manager
REQ0865;102;Bob Smith;HR;15/11/2024;17/11/2024;Access Approval;Sarah Supervisor
REQ0866;105;Eve Wilson;HR;16/11/2024;21/11/2024;ID Card Replacement;Michael Lead
REQ0867;102;Bob Smith;HR;16/11/2024;17/11/2024;Access Approval;Sarah Supervisor
REQ0868;105;Eve Wilson;HR;17/11/2024;19/11/2024;Benefit Claim;Sarah Supervisor
REQ0869;105;Eve Wilson;HR;17/11/2024;;Access Approval;Michael Lead
REQ0870;103;Charlie Davis;HR;;26/11/2024;Payroll Issue;Sarah Supervisor
REQ0871;103;Charlie Davis;HR;18/11/2024;26/11/2024;Payroll Issue;John Manager
REQ0872;104;David Brown;HR;18/11/2024;27/11/2024;Benefit Claim;Sarah Supervisor
REQ0873;103;Charlie Davis;HR;18/11/2024;26/11/2024;Payroll Issue;John Manager
REQ0874;104;David Brown;HR;18/11/2024;24/11/2024;Benefit Claim;Michael Lead
REQ0875;104;David Brown;HR;20/11/2024;26/11/2024;Benefit Claim;Sarah Supervisor
REQ0876;101;Alice Johnson;HR;20/11/2024;21/11/2024;Access Approval;John Manager
REQ0877;102;Bob Smith;HR;20/11/2024;;ID Card Replacement;Michael Lead
REQ0878;102;Bob Smith;HR;20/11/2024;29/11/2024;Payroll Issue;Sarah Supervisor
REQ0879;103;Charlie Davis;HR;20/11/2024;23/11/2024;Benefit Claim;John Manager
REQ0880;102;Bob Smith;HR;21/11/2024;26/11/2024;ID Card Replacement;Sarah Supervisor
REQ0881;104;David Brown;HR;21/11/2024;01/12/2024;Access Approval;Sarah Supervisor
REQ0882;101;Alice Johnson;HR;21/11/2024;26/11/2024;Payroll Issue;Sarah Supervisor
REQ0883;102;Bob Smith;HR;21/11/2024;27/11/2024;Benefit Claim;John Manager
REQ0884;104;David Brown;HR;21/11/2024;23/11/2024;Benefit Claim;Michael Lead
REQ0885;101;Alice Johnson;HR;22/11/2024;26/11/2024;Payroll Issue;John Manager
REQ0886;103;Charlie Davis;HR;22/11/2024;26/11/2024;Access Approval;John Manager
REQ0887;102;Bob Smith;HR;22/11/2024;;Access Approval;Sarah Supervisor
REQ0888;105;Eve Wilson;HR;22/11/2024;29/11/2024;Payroll Issue;John Manager
REQ0889;105;Eve Wilson;HR;23/11/2024;02/12/2024;Access Approval;John Manager
REQ0890;104;David Brown;HR;23/11/2024;24/11/2024;Access Approval;John Manager
REQ0891;103;Charlie Davis;HR;23/11/2024;26/11/2024;Benefit Claim;Sarah Supervisor
REQ0892;105;Eve Wilson;HR;23/11/2024;03/12/2024;ID Card Replacement;Sarah Supervisor
REQ0893;105;Eve Wilson;HR;23/11/2024;26/11/2024;Access Approval;John Manager
REQ0894;104;David Brown;HR;23/11/2024;26/11/2024;Access Approval;John Manager
REQ0895;104;David Brown;HR;23/11/2024;26/11/2024;Benefit Claim;Michael Lead
REQ0896;101;Alice Johnson;HR;24/11/2024;30/11/2024;Benefit Claim;Michael Lead
REQ0897;101;Alice Johnson;HR;;26/11/2024;ID Card Replacement;Sarah Supervisor
REQ0898;101;Alice Johnson;HR;24/11/2024;03/12/2024;Access Approval;John Manager
REQ0899;101;Alice Johnson;HR;25/11/2024;;Payroll Issue;Sarah Supervisor
REQ0900;104;David Brown;HR;25/11/2024;04/12/2024;Payroll Issue;John Manager
REQ0901;105;Eve Wilson;HR;25/11/2024;29/11/2024;ID Card Replacement;Michael Lead
REQ0902;104;David Brown;HR;26/11/2024;05/12/2024;Access Approval;Sarah Supervisor
REQ0903;105;Eve Wilson;HR;26/11/2024;05/12/2024;Benefit Claim;Michael Lead
REQ0904;104;David Brown;HR;26/11/2024;06/12/2024;Benefit Claim;Sarah Supervisor
REQ0905;102;Bob Smith;HR;27/11/2024;03/12/2024;Benefit Claim;John Manager
REQ0906;105;Eve Wilson;HR;28/11/2024;30/11/2024;Access Approval;Sarah Supervisor
REQ0907;104;David Brown;HR;28/11/2024;04/12/2024;ID Card Replacement;John Manager
REQ0908;103;Charlie Davis;HR;28/11/2024;02/12/2024;ID Card Replacement;John Manager
REQ0909;104;David Brown;HR;29/11/2024;04/12/2024;ID Card Replacement;John Manager
REQ0910;105;Eve Wilson;HR;29/11/2024;08/12/2024;Payroll Issue;Michael Lead
REQ0911;104;David Brown;HR;29/11/2024;07/12/2024;ID Card Replacement;Sarah Supervisor
REQ0912;103;Charlie Davis;HR;30/11/2024;04/12/2024;Access Approval;John Manager
REQ0913;104;David Brown;HR;01/12/2024;08/12/2024;Benefit Claim;Michael Lead
REQ0914;104;David Brown;HR;01/12/2024;03/12/2024;ID Card Replacement;Sarah Supervisor
REQ0915;102;Bob Smith;HR;01/12/2024;03/12/2024;Payroll Issue;Sarah Supervisor
REQ0916;103;Charlie Davis;HR;02/12/2024;09/12/2024;Payroll Issue;John Manager
REQ0917;104;David Brown;HR;02/12/2024;09/12/2024;Benefit Claim;Michael Lead
REQ0918;105;Eve Wilson;HR;03/12/2024;09/12/2024;Benefit Claim;Sarah Supervisor
REQ0919;105;Eve Wilson;HR;04/12/2024;09/12/2024;Access Approval;Sarah Supervisor
REQ0920;105;Eve Wilson;HR;04/12/2024;14/12/2024;ID Card Replacement;Sarah Supervisor
REQ0921;104;David Brown;HR;;05/12/2024;Benefit Claim;John Manager
REQ0922;101;Alice Johnson;HR;04/12/2024;12/12/2024;Access Approval;John Manager
REQ0923;105;Eve Wilson;HR;04/12/2024;11/12/2024;Benefit Claim;Michael Lead
REQ0924;102;Bob Smith;HR;04/12/2024;11/12/2024;Access Approval;John Manager
REQ0925;104;David Brown;HR;05/12/2024;08/12/2024;Benefit Claim;Michael Lead
REQ0926;105;Eve Wilson;HR;06/12/2024;16/12/2024;ID Card Replacement;John Manager
REQ0927;103;Charlie Davis;HR;06/12/2024;10/12/2024;Payroll Issue;Sarah Supervisor
REQ0928;105;Eve Wilson;HR;06/12/2024;13/12/2024;Access Approval;Michael Lead
REQ0929;102;Bob Smith;HR;06/12/2024;11/12/2024;Benefit Claim;Michael Lead
REQ0930;102;Bob Smith;HR;06/12/2024;08/12/2024;Payroll Issue;John Manager
REQ0931;105;Eve Wilson;HR;06/12/2024;12/12/2024;Payroll Issue;Sarah Supervisor
REQ0932;102;Bob Smith;HR;06/12/2024;14/12/2024;Access Approval;Michael Lead
REQ0933;101;Alice Johnson;HR;07/12/2024;11/12/2024;Benefit Claim;John Manager
REQ0934;102;Bob Smith;HR;08/12/2024;13/12/2024;Payroll Issue;Michael Lead
REQ0935;103;Charlie Davis;HR;08/12/2024;14/12/2024;Payroll Issue;John Manager
REQ0936;101;Alice Johnson;HR;08/12/2024;11/12/2024;Payroll Issue;Sarah Supervisor
REQ0937;105;Eve Wilson;HR;08/12/2024;15/12/2024;Access Approval;John Manager
REQ0938;104;David Brown;HR;09/12/2024;15/12/2024;Payroll Issue;Sarah Supervisor
REQ0939;104;David Brown;HR;09/12/2024;15/12/2024;Benefit Claim;John Manager
REQ0940;103;Charlie Davis;HR;09/12/2024;17/12/2024;ID Card Replacement;Michael Lead
REQ0941;104;David Brown;HR;09/12/2024;15/12/2024;Benefit Claim;Michael Lead
REQ0942;105;Eve Wilson;HR;09/12/2024;19/12/2024;Payroll Issue;Michael Lead
REQ0943;104;David Brown;HR;09/12/2024;11/12/2024;Payroll Issue;John Manager
REQ0944;105;Eve Wilson;HR;10/12/2024;14/12/2024;ID Card Replacement;Sarah Supervisor
REQ0945;102;Bob Smith;HR;10/12/2024;15/12/2024;Payroll Issue;Michael Lead
REQ0946;105;Eve Wilson;HR;10/12/2024;20/12/2024;Access Approval;Michael Lead
REQ0947;103;Charlie Davis;HR;10/12/2024;17/12/2024;ID Card Replacement;John Manager
REQ0948;102;Bob Smith;HR;10/12/2024;16/12/2024;Access Approval;John Manager
REQ0949;103;Charlie Davis;HR;11/12/2024;17/12/2024;Benefit Claim;Sarah Supervisor
REQ0950;103;Charlie Davis;HR;11/12/2024;;Benefit Claim;Sarah Supervisor
REQ0951;105;Eve Wilson;HR;12/12/2024;17/12/2024;Benefit Claim;Michael Lead
REQ0952;103;Charlie Davis;HR;12/12/2024;20/12/2024;Benefit Claim;John Manager
REQ0953;104;David Brown;HR;12/12/2024;19/12/2024;Benefit Claim;Michael Lead
REQ0954;103;Charlie Davis;HR;;16/12/2024;Access Approval;John Manager
REQ0955;102;Bob Smith;HR;13/12/2024;22/12/2024;ID Card Replacement;Sarah Supervisor
REQ0956;104;David Brown;HR;14/12/2024;24/12/2024;Payroll Issue;John Manager
REQ0957;105;Eve Wilson;HR;14/12/2024;22/12/2024;Benefit Claim;Michael Lead
REQ0958;103;Charlie Davis;HR;14/12/2024;22/12/2024;Payroll Issue;Sarah Supervisor
REQ0959;102;Bob Smith;HR;14/12/2024;22/12/2024;Payroll Issue;Michael Lead
REQ0960;103;Charlie Davis;HR;15/12/2024;17/12/2024;Access Approval;Sarah Supervisor
REQ0961;104;David Brown;HR;15/12/2024;;ID Card Replacement;Sarah Supervisor
REQ0962;101;Alice Johnson;HR;15/12/2024;17/12/2024;Payroll Issue;Sarah Supervisor
REQ0963;102;Bob Smith;HR;15/12/2024;25/12/2024;Access Approval;John Manager
REQ0964;101;Alice Johnson;HR;15/12/2024;18/12/2024;Benefit Claim;Sarah Supervisor
REQ0965;105;Eve Wilson;HR;16/12/2024;25/12/2024;;Michael Lead
REQ0966;101;Alice Johnson;HR;16/12/2024;24/12/2024;Benefit Claim;Sarah Supervisor
REQ0967;101;Alice Johnson;HR;16/12/2024;22/12/2024;Access Approval;Michael Lead
REQ0968;102;Bob Smith;HR;17/12/2024;26/12/2024;Access Approval;Michael Lead
REQ0969;102;Bob Smith;HR;18/12/2024;23/12/2024;ID Card Replacement;Michael Lead
REQ0970;103;Charlie Davis;HR;18/12/2024;;Benefit Claim;Sarah Supervisor
REQ0971;105;Eve Wilson;HR;19/12/2024;29/12/2024;Benefit Claim;Sarah Supervisor
REQ0972;101;Alice Johnson;HR;19/12/2024;25/12/2024;Payroll Issue;Michael Lead
REQ0973;104;David Brown;HR;20/12/2024;29/12/2024;Access Approval;Michael Lead
REQ0974;104;David Brown;HR;20/12/2024;;Access Approval;Michael Lead
REQ0975;102;Bob Smith;HR;20/12/2024;22/12/2024;Benefit Claim;Sarah Supervisor
REQ0976;103;Charlie Davis;HR;21/12/2024;25/12/2024;Payroll Issue;Sarah Supervisor
REQ0977;103;Charlie Davis;HR;22/12/2024;23/12/2024;Access Approval;Sarah Supervisor
REQ0978;102;Bob Smith;HR;22/12/2024;26/12/2024;Access Approval;John Manager
REQ0979;105;Eve Wilson;HR;23/12/2024;02/01/2025;ID Card Replacement;Sarah Supervisor
REQ0980;102;Bob Smith;HR;23/12/2024;26/12/2024;Benefit Claim;Michael Lead
REQ0981;105;Eve Wilson;HR;24/12/2024;27/12/2024;Benefit Claim;John Manager
REQ0982;102;Bob Smith;HR;24/12/2024;31/12/2024;Benefit Claim;Sarah Supervisor
REQ0983;102;Bob Smith;HR;24/12/2024;27/12/2024;Access Approval;Sarah Supervisor
REQ0984;101;Alice Johnson;HR;24/12/2024;;ID Card Replacement;Sarah Supervisor
REQ0985;105;Eve Wilson;HR;25/12/2024;30/12/2024;ID Card Replacement;John Manager
REQ0986;101;Alice Johnson;HR;25/12/2024;31/12/2024;ID Card Replacement;John Manager
REQ0987;105;Eve Wilson;HR;26/12/2024;31/12/2024;Payroll Issue;John Manager
REQ0988;101;Alice Johnson;HR;27/12/2024;01/01/2025;Payroll Issue;John Manager
REQ0989;105;Eve Wilson;HR;27/12/2024;04/01/2025;Access Approval;John Manager
REQ0990;102;Bob Smith;HR;27/12/2024;;Payroll Issue;John Manager
REQ0991;102;Bob Smith;HR;27/12/2024;02/01/2025;Payroll Issue;Sarah Supervisor
REQ0992;105;Eve Wilson;HR;27/12/2024;;ID Card Replacement;Sarah Supervisor
REQ0993;102;Bob Smith;HR;27/12/2024;05/01/2025;ID Card Replacement;Sarah Supervisor
REQ0994;103;Charlie Davis;HR;27/12/2024;04/01/2025;Payroll Issue;Sarah Supervisor
REQ0995;105;Eve Wilson;HR;29/12/2024;07/01/2025;ID Card Replacement;Sarah Supervisor
REQ0996;102;Bob Smith;HR;;09/01/2025;Benefit Claim;Sarah Supervisor
REQ0997;103;Charlie Davis;HR;30/12/2024;;ID Card Replacement;Michael Lead
REQ0998;102;Bob Smith;HR;30/12/2024;03/01/2025;Benefit Claim;Michael Lead
REQ0999;103;Charlie Davis;HR;31/12/2024;07/01/2025;Access Approval;John Manager
REQ1000;103;Charlie Davis;HR;31/12/2024;;Benefit Claim;John Manager
